<?xml version="1.0" encoding="UTF-8"?>
<org.fordiac.ide.model.ui:UIFBNetwork xmi:version="2.0" xmlns:xmi="http://www.omg.org/XMI" xmlns:xsi="http://www.w3.org/2001/XMLSchema-instance" xmlns:libraryElement="org.fordiac.ide.model.libraryElement" xmlns:org.fordiac.ide.model.ui="org.fordiac.ide.model.ui">
  <children xsi:type="org.fordiac.ide.model.ui:FBView" fb="//@fbNetwork/@fBs.0">
    <position x="152" y="190"/>
    <backgroundColor red="192" green="192" blue="192"/>
    <interfaceElements iInterfaceElement="//@fbNetwork/@fBs.0/@interface/@eventInputs.0" fbNetwork="//@fbNetwork">
      <mappedInterfaceElement href="SysConf.xml#//@children.0/@resourceContainerView/@resources.0/@uIResourceDiagram/@children.1/@interfaceElements.0"/>
    </interfaceElements>
    <interfaceElements iInterfaceElement="//@fbNetwork/@fBs.0/@interface/@eventInputs.1" fbNetwork="//@fbNetwork">
      <mappedInterfaceElement href="SysConf.xml#//@children.0/@resourceContainerView/@resources.0/@uIResourceDiagram/@children.1/@interfaceElements.1"/>
    </interfaceElements>
    <interfaceElements iInterfaceElement="//@fbNetwork/@fBs.0/@interface/@inputVars.0" fbNetwork="//@fbNetwork">
      <mappedInterfaceElement href="SysConf.xml#//@children.0/@resourceContainerView/@resources.0/@uIResourceDiagram/@children.1/@interfaceElements.2"/>
    </interfaceElements>
    <interfaceElements iInterfaceElement="//@fbNetwork/@fBs.0/@interface/@inputVars.1" fbNetwork="//@fbNetwork">
      <mappedInterfaceElement href="SysConf.xml#//@children.0/@resourceContainerView/@resources.0/@uIResourceDiagram/@children.1/@interfaceElements.3"/>
    </interfaceElements>
    <interfaceElements iInterfaceElement="//@fbNetwork/@fBs.0/@interface/@eventOutputs.0" outConnections="//@connections.9" fbNetwork="//@fbNetwork">
      <mappedInterfaceElement href="SysConf.xml#//@children.0/@resourceContainerView/@resources.0/@uIResourceDiagram/@children.1/@interfaceElements.4"/>
    </interfaceElements>
    <interfaceElements iInterfaceElement="//@fbNetwork/@fBs.0/@interface/@eventOutputs.1" outConnections="//@connections.2 //@connections.10" fbNetwork="//@fbNetwork">
      <mappedInterfaceElement href="SysConf.xml#//@children.0/@resourceContainerView/@resources.0/@uIResourceDiagram/@children.1/@interfaceElements.5"/>
    </interfaceElements>
    <interfaceElements iInterfaceElement="//@fbNetwork/@fBs.0/@interface/@outputVars.0" fbNetwork="//@fbNetwork">
      <mappedInterfaceElement href="SysConf.xml#//@children.0/@resourceContainerView/@resources.0/@uIResourceDiagram/@children.1/@interfaceElements.6"/>
    </interfaceElements>
    <interfaceElements iInterfaceElement="//@fbNetwork/@fBs.0/@interface/@outputVars.1" fbNetwork="//@fbNetwork">
      <mappedInterfaceElement href="SysConf.xml#//@children.0/@resourceContainerView/@resources.0/@uIResourceDiagram/@children.1/@interfaceElements.7"/>
    </interfaceElements>
    <interfaceElements iInterfaceElement="//@fbNetwork/@fBs.0/@interface/@outputVars.2" outConnections="//@connections.0" fbNetwork="//@fbNetwork">
      <mappedInterfaceElement href="SysConf.xml#//@children.0/@resourceContainerView/@resources.0/@uIResourceDiagram/@children.1/@interfaceElements.8"/>
    </interfaceElements>
    <interfaceElements iInterfaceElement="//@fbNetwork/@fBs.0/@interface/@outputVars.3" outConnections="//@connections.1" fbNetwork="//@fbNetwork">
      <mappedInterfaceElement href="SysConf.xml#//@children.0/@resourceContainerView/@resources.0/@uIResourceDiagram/@children.1/@interfaceElements.9"/>
    </interfaceElements>
    <interfaceElements iInterfaceElement="//@fbNetwork/@fBs.0/@interface/@outputVars.4" outConnections="//@connections.11" fbNetwork="//@fbNetwork">
      <mappedInterfaceElement href="SysConf.xml#//@children.0/@resourceContainerView/@resources.0/@uIResourceDiagram/@children.1/@interfaceElements.10"/>
    </interfaceElements>
    <mappedFB href="SysConf.xml#//@children.0/@resourceContainerView/@resources.0/@uIResourceDiagram/@children.1"/>
  </children>
  <children xsi:type="org.fordiac.ide.model.ui:FBView" fb="//@fbNetwork/@fBs.1">
    <position x="779" y="190"/>
    <backgroundColor red="192" green="192" blue="192"/>
    <interfaceElements iInterfaceElement="//@fbNetwork/@fBs.1/@interface/@eventInputs.0" inConnections="//@connections.9" fbNetwork="//@fbNetwork">
      <mappedInterfaceElement href="SysConf.xml#//@children.0/@resourceContainerView/@resources.0/@uIResourceDiagram/@children.5/@interfaceElements.0"/>
    </interfaceElements>
    <interfaceElements iInterfaceElement="//@fbNetwork/@fBs.1/@interface/@eventInputs.1" inConnections="//@connections.7" fbNetwork="//@fbNetwork">
      <mappedInterfaceElement href="SysConf.xml#//@children.0/@resourceContainerView/@resources.0/@uIResourceDiagram/@children.5/@interfaceElements.1"/>
    </interfaceElements>
    <interfaceElements iInterfaceElement="//@fbNetwork/@fBs.1/@interface/@inputVars.0" fbNetwork="//@fbNetwork">
      <mappedInterfaceElement href="SysConf.xml#//@children.0/@resourceContainerView/@resources.0/@uIResourceDiagram/@children.5/@interfaceElements.2"/>
    </interfaceElements>
    <interfaceElements iInterfaceElement="//@fbNetwork/@fBs.1/@interface/@inputVars.1" fbNetwork="//@fbNetwork">
      <mappedInterfaceElement href="SysConf.xml#//@children.0/@resourceContainerView/@resources.0/@uIResourceDiagram/@children.5/@interfaceElements.3"/>
    </interfaceElements>
    <interfaceElements iInterfaceElement="//@fbNetwork/@fBs.1/@interface/@inputVars.2" inConnections="//@connections.8" fbNetwork="//@fbNetwork">
      <mappedInterfaceElement href="SysConf.xml#//@children.0/@resourceContainerView/@resources.0/@uIResourceDiagram/@children.5/@interfaceElements.4"/>
    </interfaceElements>
    <interfaceElements iInterfaceElement="//@fbNetwork/@fBs.1/@interface/@eventOutputs.0" fbNetwork="//@fbNetwork">
      <mappedInterfaceElement href="SysConf.xml#//@children.0/@resourceContainerView/@resources.0/@uIResourceDiagram/@children.5/@interfaceElements.5"/>
    </interfaceElements>
    <interfaceElements iInterfaceElement="//@fbNetwork/@fBs.1/@interface/@eventOutputs.1" fbNetwork="//@fbNetwork">
      <mappedInterfaceElement href="SysConf.xml#//@children.0/@resourceContainerView/@resources.0/@uIResourceDiagram/@children.5/@interfaceElements.6"/>
    </interfaceElements>
    <interfaceElements iInterfaceElement="//@fbNetwork/@fBs.1/@interface/@outputVars.0" fbNetwork="//@fbNetwork">
      <mappedInterfaceElement href="SysConf.xml#//@children.0/@resourceContainerView/@resources.0/@uIResourceDiagram/@children.5/@interfaceElements.7"/>
    </interfaceElements>
    <interfaceElements iInterfaceElement="//@fbNetwork/@fBs.1/@interface/@outputVars.1" fbNetwork="//@fbNetwork">
      <mappedInterfaceElement href="SysConf.xml#//@children.0/@resourceContainerView/@resources.0/@uIResourceDiagram/@children.5/@interfaceElements.8"/>
    </interfaceElements>
    <interfaceElements iInterfaceElement="//@fbNetwork/@fBs.1/@interface/@outputVars.2" fbNetwork="//@fbNetwork">
      <mappedInterfaceElement href="SysConf.xml#//@children.0/@resourceContainerView/@resources.0/@uIResourceDiagram/@children.5/@interfaceElements.9"/>
    </interfaceElements>
    <mappedFB href="SysConf.xml#//@children.0/@resourceContainerView/@resources.0/@uIResourceDiagram/@children.5"/>
  </children>
  <children xsi:type="org.fordiac.ide.model.ui:FBView" fb="//@fbNetwork/@fBs.2">
    <position x="342" y="228"/>
    <backgroundColor red="192" green="192" blue="192"/>
    <interfaceElements iInterfaceElement="//@fbNetwork/@fBs.2/@interface/@eventInputs.0" inConnections="//@connections.2" fbNetwork="//@fbNetwork">
      <mappedInterfaceElement href="SysConf.xml#//@children.0/@resourceContainerView/@resources.0/@uIResourceDiagram/@children.4/@interfaceElements.0"/>
    </interfaceElements>
    <interfaceElements iInterfaceElement="//@fbNetwork/@fBs.2/@interface/@inputVars.0" inConnections="//@connections.0" fbNetwork="//@fbNetwork">
      <mappedInterfaceElement href="SysConf.xml#//@children.0/@resourceContainerView/@resources.0/@uIResourceDiagram/@children.4/@interfaceElements.1"/>
    </interfaceElements>
    <interfaceElements iInterfaceElement="//@fbNetwork/@fBs.2/@interface/@inputVars.1" inConnections="//@connections.1" fbNetwork="//@fbNetwork">
      <mappedInterfaceElement href="SysConf.xml#//@children.0/@resourceContainerView/@resources.0/@uIResourceDiagram/@children.4/@interfaceElements.2"/>
    </interfaceElements>
    <interfaceElements iInterfaceElement="//@fbNetwork/@fBs.2/@interface/@eventOutputs.0" outConnections="//@connections.3" fbNetwork="//@fbNetwork">
      <mappedInterfaceElement href="SysConf.xml#//@children.0/@resourceContainerView/@resources.0/@uIResourceDiagram/@children.4/@interfaceElements.3"/>
    </interfaceElements>
    <interfaceElements iInterfaceElement="//@fbNetwork/@fBs.2/@interface/@outputVars.0" outConnections="//@connections.4" fbNetwork="//@fbNetwork">
      <mappedInterfaceElement href="SysConf.xml#//@children.0/@resourceContainerView/@resources.0/@uIResourceDiagram/@children.4/@interfaceElements.4"/>
    </interfaceElements>
    <mappedFB href="SysConf.xml#//@children.0/@resourceContainerView/@resources.0/@uIResourceDiagram/@children.4"/>
  </children>
  <children xsi:type="org.fordiac.ide.model.ui:FBView" fb="//@fbNetwork/@fBs.3">
    <position x="494" y="228"/>
    <backgroundColor red="192" green="192" blue="192"/>
    <interfaceElements iInterfaceElement="//@fbNetwork/@fBs.3/@interface/@eventInputs.0" inConnections="//@connections.3" fbNetwork="//@fbNetwork">
      <mappedInterfaceElement href="SysConf.xml#//@children.0/@resourceContainerView/@resources.0/@uIResourceDiagram/@children.3/@interfaceElements.0"/>
    </interfaceElements>
    <interfaceElements iInterfaceElement="//@fbNetwork/@fBs.3/@interface/@inputVars.0" inConnections="//@connections.4" fbNetwork="//@fbNetwork">
      <mappedInterfaceElement href="SysConf.xml#//@children.0/@resourceContainerView/@resources.0/@uIResourceDiagram/@children.3/@interfaceElements.1"/>
    </interfaceElements>
    <interfaceElements iInterfaceElement="//@fbNetwork/@fBs.3/@interface/@inputVars.1" fbNetwork="//@fbNetwork">
      <mappedInterfaceElement href="SysConf.xml#//@children.0/@resourceContainerView/@resources.0/@uIResourceDiagram/@children.3/@interfaceElements.2"/>
    </interfaceElements>
    <interfaceElements iInterfaceElement="//@fbNetwork/@fBs.3/@interface/@inputVars.2" fbNetwork="//@fbNetwork">
      <mappedInterfaceElement href="SysConf.xml#//@children.0/@resourceContainerView/@resources.0/@uIResourceDiagram/@children.3/@interfaceElements.3"/>
    </interfaceElements>
    <interfaceElements iInterfaceElement="//@fbNetwork/@fBs.3/@interface/@eventOutputs.0" outConnections="//@connections.5" fbNetwork="//@fbNetwork">
      <mappedInterfaceElement href="SysConf.xml#//@children.0/@resourceContainerView/@resources.0/@uIResourceDiagram/@children.3/@interfaceElements.4"/>
    </interfaceElements>
    <interfaceElements iInterfaceElement="//@fbNetwork/@fBs.3/@interface/@outputVars.0" outConnections="//@connections.6" fbNetwork="//@fbNetwork">
      <mappedInterfaceElement href="SysConf.xml#//@children.0/@resourceContainerView/@resources.0/@uIResourceDiagram/@children.3/@interfaceElements.5"/>
    </interfaceElements>
    <mappedFB href="SysConf.xml#//@children.0/@resourceContainerView/@resources.0/@uIResourceDiagram/@children.3"/>
  </children>
  <children xsi:type="org.fordiac.ide.model.ui:FBView" fb="//@fbNetwork/@fBs.4">
    <position x="608" y="228"/>
    <backgroundColor red="192" green="192" blue="192"/>
    <interfaceElements iInterfaceElement="//@fbNetwork/@fBs.4/@interface/@eventInputs.0" inConnections="//@connections.5" fbNetwork="//@fbNetwork">
      <mappedInterfaceElement href="SysConf.xml#//@children.0/@resourceContainerView/@resources.0/@uIResourceDiagram/@children.2/@interfaceElements.0"/>
    </interfaceElements>
    <interfaceElements iInterfaceElement="//@fbNetwork/@fBs.4/@interface/@inputVars.0" inConnections="//@connections.6" fbNetwork="//@fbNetwork">
      <mappedInterfaceElement href="SysConf.xml#//@children.0/@resourceContainerView/@resources.0/@uIResourceDiagram/@children.2/@interfaceElements.1"/>
    </interfaceElements>
    <interfaceElements iInterfaceElement="//@fbNetwork/@fBs.4/@interface/@eventOutputs.0" outConnections="//@connections.7" fbNetwork="//@fbNetwork">
      <mappedInterfaceElement href="SysConf.xml#//@children.0/@resourceContainerView/@resources.0/@uIResourceDiagram/@children.2/@interfaceElements.2"/>
    </interfaceElements>
    <interfaceElements iInterfaceElement="//@fbNetwork/@fBs.4/@interface/@outputVars.0" outConnections="//@connections.8" fbNetwork="//@fbNetwork">
      <mappedInterfaceElement href="SysConf.xml#//@children.0/@resourceContainerView/@resources.0/@uIResourceDiagram/@children.2/@interfaceElements.3"/>
    </interfaceElements>
    <mappedFB href="SysConf.xml#//@children.0/@resourceContainerView/@resources.0/@uIResourceDiagram/@children.2"/>
  </children>
  <children xsi:type="org.fordiac.ide.model.ui:FBView" fb="//@fbNetwork/@fBs.5">
    <position x="342" y="342"/>
    <backgroundColor red="192" green="192" blue="192"/>
    <interfaceElements iInterfaceElement="//@fbNetwork/@fBs.5/@interface/@eventInputs.0" inConnections="//@connections.10" fbNetwork="//@fbNetwork">
      <mappedInterfaceElement href="SysConf.xml#//@children.0/@resourceContainerView/@resources.0/@uIResourceDiagram/@children.6/@interfaceElements.0"/>
    </interfaceElements>
    <interfaceElements iInterfaceElement="//@fbNetwork/@fBs.5/@interface/@inputVars.0" inConnections="//@connections.11" fbNetwork="//@fbNetwork">
      <mappedInterfaceElement href="SysConf.xml#//@children.0/@resourceContainerView/@resources.0/@uIResourceDiagram/@children.6/@interfaceElements.1"/>
    </interfaceElements>
    <interfaceElements iInterfaceElement="//@fbNetwork/@fBs.5/@interface/@eventOutputs.0" fbNetwork="//@fbNetwork">
      <mappedInterfaceElement href="SysConf.xml#//@children.0/@resourceContainerView/@resources.0/@uIResourceDiagram/@children.6/@interfaceElements.2"/>
    </interfaceElements>
    <interfaceElements iInterfaceElement="//@fbNetwork/@fBs.5/@interface/@outputVars.0" fbNetwork="//@fbNetwork">
      <mappedInterfaceElement href="SysConf.xml#//@children.0/@resourceContainerView/@resources.0/@uIResourceDiagram/@children.6/@interfaceElements.3"/>
    </interfaceElements>
    <mappedFB href="SysConf.xml#//@children.0/@resourceContainerView/@resources.0/@uIResourceDiagram/@children.6"/>
  </children>
  <connections xsi:type="org.fordiac.ide.model.ui:ConnectionView" source="//@children.0/@interfaceElements.8" destination="//@children.2/@interfaceElements.1">
    <connectionElement xsi:type="libraryElement:DataConnection" href="SysConf.xml#//@systemConfigNetwork/@devices.0/@resource.0/@fBNetwork/@dataConnections.1"/>
  </connections>
  <connections xsi:type="org.fordiac.ide.model.ui:ConnectionView" source="//@children.0/@interfaceElements.9" destination="//@children.2/@interfaceElements.2">
    <connectionElement xsi:type="libraryElement:DataConnection" href="SysConf.xml#//@systemConfigNetwork/@devices.0/@resource.0/@fBNetwork/@dataConnections.2"/>
  </connections>
  <connections xsi:type="org.fordiac.ide.model.ui:ConnectionView" source="//@children.0/@interfaceElements.5" destination="//@children.2/@interfaceElements.0">
    <connectionElement xsi:type="libraryElement:EventConnection" href="SysConf.xml#//@systemConfigNetwork/@devices.0/@resource.0/@fBNetwork/@eventConnections.1"/>
  </connections>
  <connections xsi:type="org.fordiac.ide.model.ui:ConnectionView" source="//@children.2/@interfaceElements.3" destination="//@children.3/@interfaceElements.0">
    <connectionElement xsi:type="libraryElement:EventConnection" href="SysConf.xml#//@systemConfigNetwork/@devices.0/@resource.0/@fBNetwork/@eventConnections.2"/>
  </connections>
  <connections xsi:type="org.fordiac.ide.model.ui:ConnectionView" source="//@children.2/@interfaceElements.4" destination="//@children.3/@interfaceElements.1">
    <connectionElement xsi:type="libraryElement:DataConnection" href="SysConf.xml#//@systemConfigNetwork/@devices.0/@resource.0/@fBNetwork/@dataConnections.3"/>
  </connections>
  <connections xsi:type="org.fordiac.ide.model.ui:ConnectionView" source="//@children.3/@interfaceElements.4" destination="//@children.4/@interfaceElements.0">
    <connectionElement xsi:type="libraryElement:EventConnection" href="SysConf.xml#//@systemConfigNetwork/@devices.0/@resource.0/@fBNetwork/@eventConnections.0"/>
  </connections>
  <connections xsi:type="org.fordiac.ide.model.ui:ConnectionView" source="//@children.3/@interfaceElements.5" destination="//@children.4/@interfaceElements.1">
    <connectionElement xsi:type="libraryElement:DataConnection" href="SysConf.xml#//@systemConfigNetwork/@devices.0/@resource.0/@fBNetwork/@dataConnections.0"/>
  </connections>
  <connections xsi:type="org.fordiac.ide.model.ui:ConnectionView" source="//@children.4/@interfaceElements.2" destination="//@children.1/@interfaceElements.1">
    <connectionElement xsi:type="libraryElement:EventConnection" href="SysConf.xml#//@systemConfigNetwork/@devices.0/@resource.0/@fBNetwork/@eventConnections.3"/>
  </connections>
  <connections xsi:type="org.fordiac.ide.model.ui:ConnectionView" source="//@children.4/@interfaceElements.3" destination="//@children.1/@interfaceElements.4">
    <connectionElement xsi:type="libraryElement:DataConnection" href="SysConf.xml#//@systemConfigNetwork/@devices.0/@resource.0/@fBNetwork/@dataConnections.4"/>
  </connections>
  <connections xsi:type="org.fordiac.ide.model.ui:ConnectionView" source="//@children.0/@interfaceElements.4" destination="//@children.1/@interfaceElements.0">
    <connectionElement xsi:type="libraryElement:EventConnection" href="SysConf.xml#//@systemConfigNetwork/@devices.0/@resource.0/@fBNetwork/@eventConnections.6"/>
  </connections>
  <connections xsi:type="org.fordiac.ide.model.ui:ConnectionView" source="//@children.0/@interfaceElements.5" destination="//@children.5/@interfaceElements.0">
    <connectionElement xsi:type="libraryElement:EventConnection" href="SysConf.xml#//@systemConfigNetwork/@devices.0/@resource.0/@fBNetwork/@eventConnections.7"/>
  </connections>
  <connections xsi:type="org.fordiac.ide.model.ui:ConnectionView" source="//@children.0/@interfaceElements.10" destination="//@children.5/@interfaceElements.1">
    <connectionElement xsi:type="libraryElement:DataConnection" href="SysConf.xml#//@systemConfigNetwork/@devices.0/@resource.0/@fBNetwork/@dataConnections.5"/>
  </connections>
  <fbNetwork>
    <fBs name="From_FMITerminalBlock" identifier="true" id="_upz28GrqEeeFp7FVgBEq_A" fbtPath="net\SERVER_0_3.fbt">
      <interface>
        <eventInputs name="INIT" isInput="true">
          <with variables="//@fbNetwork/@fBs.0/@interface/@inputVars.0"/>
          <with variables="//@fbNetwork/@fBs.0/@interface/@inputVars.1"/>
          <inputConnections href="SysConf.xml#//@systemConfigNetwork/@devices.0/@resource.0/@fBNetwork/@eventConnections.4"/>
          <inputConnections href="SysConf.xml#//@systemConfigNetwork/@devices.0/@resource.0/@fBNetwork/@eventConnections.5"/>
        </eventInputs>
        <eventInputs name="RSP" isInput="true">
          <with variables="//@fbNetwork/@fBs.0/@interface/@inputVars.0"/>
        </eventInputs>
        <eventOutputs name="INITO">
          <with variables="//@fbNetwork/@fBs.0/@interface/@outputVars.0"/>
          <with variables="//@fbNetwork/@fBs.0/@interface/@outputVars.1"/>
          <outputConnections href="SysConf.xml#//@systemConfigNetwork/@devices.0/@resource.0/@fBNetwork/@eventConnections.6"/>
        </eventOutputs>
        <eventOutputs name="IND">
          <with variables="//@fbNetwork/@fBs.0/@interface/@outputVars.0"/>
          <with variables="//@fbNetwork/@fBs.0/@interface/@outputVars.1"/>
          <with variables="//@fbNetwork/@fBs.0/@interface/@outputVars.2"/>
          <with variables="//@fbNetwork/@fBs.0/@interface/@outputVars.3"/>
          <with variables="//@fbNetwork/@fBs.0/@interface/@outputVars.4"/>
          <outputConnections href="SysConf.xml#//@systemConfigNetwork/@devices.0/@resource.0/@fBNetwork/@eventConnections.1"/>
          <outputConnections href="SysConf.xml#//@systemConfigNetwork/@devices.0/@resource.0/@fBNetwork/@eventConnections.7"/>
        </eventOutputs>
        <inputVars name="QI" isInput="true" arraySize="-1" typeName="BOOL" withs="//@fbNetwork/@fBs.0/@interface/@eventInputs.0/@with.0 //@fbNetwork/@fBs.0/@interface/@eventInputs.1/@with.0">
          <value value="1"/>
        </inputVars>
        <inputVars name="ID" isInput="true" arraySize="-1" typeName="WSTRING" withs="//@fbNetwork/@fBs.0/@interface/@eventInputs.0/@with.1">
          <value value="localhost:1499"/>
        </inputVars>
        <outputVars name="QO" arraySize="-1" typeName="BOOL" withs="//@fbNetwork/@fBs.0/@interface/@eventOutputs.0/@with.0 //@fbNetwork/@fBs.0/@interface/@eventOutputs.1/@with.0"/>
        <outputVars name="STATUS" arraySize="-1" typeName="WSTRING" withs="//@fbNetwork/@fBs.0/@interface/@eventOutputs.0/@with.1 //@fbNetwork/@fBs.0/@interface/@eventOutputs.1/@with.1"/>
        <outputVars name="RD_1" arraySize="-1" typeName="ANY" withs="//@fbNetwork/@fBs.0/@interface/@eventOutputs.1/@with.2">
          <outputConnections href="SysConf.xml#//@systemConfigNetwork/@devices.0/@resource.0/@fBNetwork/@dataConnections.1"/>
        </outputVars>
        <outputVars name="RD_2" arraySize="-1" typeName="ANY" withs="//@fbNetwork/@fBs.0/@interface/@eventOutputs.1/@with.3">
          <outputConnections href="SysConf.xml#//@systemConfigNetwork/@devices.0/@resource.0/@fBNetwork/@dataConnections.2"/>
        </outputVars>
        <outputVars name="RD_3" arraySize="-1" typeName="ANY" withs="//@fbNetwork/@fBs.0/@interface/@eventOutputs.1/@with.4">
          <outputConnections href="SysConf.xml#//@systemConfigNetwork/@devices.0/@resource.0/@fBNetwork/@dataConnections.5"/>
        </outputVars>
      </interface>
      <position x="152" y="190"/>
      <resource href="SysConf.xml#//@systemConfigNetwork/@devices.0/@resource.0/@fBNetwork"/>
    </fBs>
    <fBs name="To_FMITerminalBlock" identifier="true" id="_61o6oGrqEeeFp7FVgBEq_A" fbtPath="net\SERVER_1.fbt">
      <interface>
        <eventInputs name="INIT" comment="Service Initialization" isInput="true">
          <with variables="//@fbNetwork/@fBs.1/@interface/@inputVars.0"/>
          <with variables="//@fbNetwork/@fBs.1/@interface/@inputVars.1"/>
          <inputConnections href="SysConf.xml#//@systemConfigNetwork/@devices.0/@resource.0/@fBNetwork/@eventConnections.6"/>
        </eventInputs>
        <eventInputs name="RSP" comment="Service Response" isInput="true">
          <with variables="//@fbNetwork/@fBs.1/@interface/@inputVars.0"/>
          <with variables="//@fbNetwork/@fBs.1/@interface/@inputVars.2"/>
          <inputConnections href="SysConf.xml#//@systemConfigNetwork/@devices.0/@resource.0/@fBNetwork/@eventConnections.3"/>
        </eventInputs>
        <eventOutputs name="INITO" comment="Initialization Confirm">
          <with variables="//@fbNetwork/@fBs.1/@interface/@outputVars.0"/>
          <with variables="//@fbNetwork/@fBs.1/@interface/@outputVars.1"/>
        </eventOutputs>
        <eventOutputs name="IND" comment="Service Indication">
          <with variables="//@fbNetwork/@fBs.1/@interface/@outputVars.0"/>
          <with variables="//@fbNetwork/@fBs.1/@interface/@outputVars.1"/>
          <with variables="//@fbNetwork/@fBs.1/@interface/@outputVars.2"/>
        </eventOutputs>
        <inputVars name="QI" comment="Event Input Qualifier" isInput="true" arraySize="-1" typeName="BOOL" withs="//@fbNetwork/@fBs.1/@interface/@eventInputs.0/@with.0 //@fbNetwork/@fBs.1/@interface/@eventInputs.1/@with.0">
          <value value="1"/>
        </inputVars>
        <inputVars name="ID" comment="Connection Identifier" isInput="true" arraySize="-1" typeName="WSTRING" withs="//@fbNetwork/@fBs.1/@interface/@eventInputs.0/@with.1">
          <value value="localhost:1500"/>
        </inputVars>
        <inputVars name="SD_1" comment="Data to Send" isInput="true" arraySize="-1" typeName="ANY" withs="//@fbNetwork/@fBs.1/@interface/@eventInputs.1/@with.1">
          <value/>
          <inputConnections href="SysConf.xml#//@systemConfigNetwork/@devices.0/@resource.0/@fBNetwork/@dataConnections.4"/>
        </inputVars>
        <outputVars name="QO" comment="Event Output Qualifier" arraySize="-1" typeName="BOOL" withs="//@fbNetwork/@fBs.1/@interface/@eventOutputs.0/@with.0 //@fbNetwork/@fBs.1/@interface/@eventOutputs.1/@with.0"/>
        <outputVars name="STATUS" comment="Service Status" arraySize="-1" typeName="WSTRING" withs="//@fbNetwork/@fBs.1/@interface/@eventOutputs.0/@with.1 //@fbNetwork/@fBs.1/@interface/@eventOutputs.1/@with.1"/>
        <outputVars name="RD_1" comment="Received Data" arraySize="-1" typeName="ANY" withs="//@fbNetwork/@fBs.1/@interface/@eventOutputs.1/@with.2"/>
      </interface>
      <position x="779" y="190"/>
      <resource href="SysConf.xml#//@systemConfigNetwork/@devices.0/@resource.0/@fBNetwork"/>
    </fBs>
    <fBs name="UpDownStorage" identifier="true" id="_Mn_h8GrrEeeFp7FVgBEq_A" fbtPath="IEC61131-3\BistableElements\FB_RS.fbt">
      <interface>
        <eventInputs name="REQ" comment="Service Request" isInput="true">
          <with variables="//@fbNetwork/@fBs.2/@interface/@inputVars.0"/>
          <with variables="//@fbNetwork/@fBs.2/@interface/@inputVars.1"/>
          <inputConnections href="SysConf.xml#//@systemConfigNetwork/@devices.0/@resource.0/@fBNetwork/@eventConnections.1"/>
        </eventInputs>
        <eventOutputs name="CNF" comment="Confirmation of Requested Service">
          <with variables="//@fbNetwork/@fBs.2/@interface/@outputVars.0"/>
          <outputConnections href="SysConf.xml#//@systemConfigNetwork/@devices.0/@resource.0/@fBNetwork/@eventConnections.2"/>
        </eventOutputs>
        <inputVars name="S" comment="Set" isInput="true" arraySize="-1" typeName="BOOL" withs="//@fbNetwork/@fBs.2/@interface/@eventInputs.0/@with.0">
          <value/>
          <inputConnections href="SysConf.xml#//@systemConfigNetwork/@devices.0/@resource.0/@fBNetwork/@dataConnections.1"/>
          <varInitialization/>
        </inputVars>
        <inputVars name="R1" comment="Reset" isInput="true" arraySize="-1" typeName="BOOL" withs="//@fbNetwork/@fBs.2/@interface/@eventInputs.0/@with.1">
          <value/>
          <inputConnections href="SysConf.xml#//@systemConfigNetwork/@devices.0/@resource.0/@fBNetwork/@dataConnections.2"/>
          <varInitialization/>
        </inputVars>
        <outputVars name="Q1" comment="Output" arraySize="-1" typeName="BOOL" withs="//@fbNetwork/@fBs.2/@interface/@eventOutputs.0/@with.0">
          <outputConnections href="SysConf.xml#//@systemConfigNetwork/@devices.0/@resource.0/@fBNetwork/@dataConnections.3"/>
          <varInitialization/>
        </outputVars>
      </interface>
      <position x="342" y="228"/>
      <resource href="SysConf.xml#//@systemConfigNetwork/@devices.0/@resource.0/@fBNetwork"/>
    </fBs>
    <fBs name="DirectionSelector" identifier="true" id="_W6-NoGrrEeeFp7FVgBEq_A" fbtPath="IEC61131-3\Selection\F_SEL.fbt">
      <interface>
        <eventInputs name="REQ" comment="Service Request" isInput="true">
          <with variables="//@fbNetwork/@fBs.3/@interface/@inputVars.0"/>
          <with variables="//@fbNetwork/@fBs.3/@interface/@inputVars.2"/>
          <with variables="//@fbNetwork/@fBs.3/@interface/@inputVars.1"/>
          <inputConnections href="SysConf.xml#//@systemConfigNetwork/@devices.0/@resource.0/@fBNetwork/@eventConnections.2"/>
        </eventInputs>
        <eventOutputs name="CNF" comment="Confirmation of Requested Service">
          <with variables="//@fbNetwork/@fBs.3/@interface/@outputVars.0"/>
          <outputConnections href="SysConf.xml#//@systemConfigNetwork/@devices.0/@resource.0/@fBNetwork/@eventConnections.0"/>
        </eventOutputs>
        <inputVars name="G" comment="Selelctor" isInput="true" arraySize="-1" typeName="BOOL" withs="//@fbNetwork/@fBs.3/@interface/@eventInputs.0/@with.0">
          <value/>
          <inputConnections href="SysConf.xml#//@systemConfigNetwork/@devices.0/@resource.0/@fBNetwork/@dataConnections.3"/>
          <varInitialization/>
        </inputVars>
        <inputVars name="IN0" comment="Selectable input variable" isInput="true" arraySize="-1" typeName="ANY" withs="//@fbNetwork/@fBs.3/@interface/@eventInputs.0/@with.2">
          <value value="REAL#100"/>
          <varInitialization/>
        </inputVars>
        <inputVars name="IN1" comment="Selectable input variable" isInput="true" arraySize="-1" typeName="ANY" withs="//@fbNetwork/@fBs.3/@interface/@eventInputs.0/@with.1">
          <value value="REAL#-200"/>
          <varInitialization/>
        </inputVars>
        <outputVars name="OUT" comment="Selected input" arraySize="-1" typeName="ANY" withs="//@fbNetwork/@fBs.3/@interface/@eventOutputs.0/@with.0">
          <outputConnections href="SysConf.xml#//@systemConfigNetwork/@devices.0/@resource.0/@fBNetwork/@dataConnections.0"/>
          <varInitialization/>
        </outputVars>
      </interface>
      <position x="494" y="228"/>
      <resource href="SysConf.xml#//@systemConfigNetwork/@devices.0/@resource.0/@fBNetwork"/>
    </fBs>
    <fBs name="REAL2REAL" identifier="true" id="_qZ0zAGrrEeeFp7FVgBEq_A" fbtPath="convert\REAL2REAL.fbt">
      <interface>
        <eventInputs name="REQ" comment="Normal Execution Request" isInput="true">
          <with variables="//@fbNetwork/@fBs.4/@interface/@inputVars.0"/>
          <inputConnections href="SysConf.xml#//@systemConfigNetwork/@devices.0/@resource.0/@fBNetwork/@eventConnections.0"/>
        </eventInputs>
        <eventOutputs name="CNF" comment="Execution Confirmation">
          <with variables="//@fbNetwork/@fBs.4/@interface/@outputVars.0"/>
          <outputConnections href="SysConf.xml#//@systemConfigNetwork/@devices.0/@resource.0/@fBNetwork/@eventConnections.3"/>
        </eventOutputs>
        <inputVars name="IN" comment="Input event qualifier" isInput="true" arraySize="-1" typeName="REAL" withs="//@fbNetwork/@fBs.4/@interface/@eventInputs.0/@with.0">
          <value/>
          <inputConnections href="SysConf.xml#//@systemConfigNetwork/@devices.0/@resource.0/@fBNetwork/@dataConnections.0"/>
        </inputVars>
        <outputVars name="OUT" comment="Output event qualifier" arraySize="-1" typeName="REAL" withs="//@fbNetwork/@fBs.4/@interface/@eventOutputs.0/@with.0">
          <outputConnections href="SysConf.xml#//@systemConfigNetwork/@devices.0/@resource.0/@fBNetwork/@dataConnections.4"/>
        </outputVars>
      </interface>
      <position x="608" y="228"/>
      <resource href="SysConf.xml#//@systemConfigNetwork/@devices.0/@resource.0/@fBNetwork"/>
    </fBs>
    <fBs name="CONVERT_HEIGHT" identifier="true" id="_pjAYYGruEeeFp7FVgBEq_A" fbtPath="convert\LREAL2LREAL.fbt">
      <interface>
        <eventInputs name="REQ" comment="Normal Execution Request" isInput="true">
          <with variables="//@fbNetwork/@fBs.5/@interface/@inputVars.0"/>
          <inputConnections href="SysConf.xml#//@systemConfigNetwork/@devices.0/@resource.0/@fBNetwork/@eventConnections.7"/>
        </eventInputs>
        <eventOutputs name="CNF" comment="Execution Confirmation">
          <with variables="//@fbNetwork/@fBs.5/@interface/@outputVars.0"/>
        </eventOutputs>
        <inputVars name="IN" comment="Input event qualifier" isInput="true" arraySize="-1" typeName="LREAL" withs="//@fbNetwork/@fBs.5/@interface/@eventInputs.0/@with.0">
          <value/>
          <inputConnections href="SysConf.xml#//@systemConfigNetwork/@devices.0/@resource.0/@fBNetwork/@dataConnections.5"/>
        </inputVars>
        <outputVars name="OUT" comment="Output event qualifier" arraySize="-1" typeName="LREAL" withs="//@fbNetwork/@fBs.5/@interface/@eventOutputs.0/@with.0"/>
      </interface>
      <position x="342" y="342"/>
      <resource href="SysConf.xml#//@systemConfigNetwork/@devices.0/@resource.0/@fBNetwork"/>
    </fBs>
    <application href="4diac-Tutorial-Underworld.xml#//@application.0"/>
  </fbNetwork>
</org.fordiac.ide.model.ui:UIFBNetwork>
