<?xml version="1.0" encoding="UTF-8"?>
<org.fordiac.ide.model.ui:UISystemConfiguration xmi:version="2.0" xmlns:xmi="http://www.omg.org/XMI" xmlns:xsi="http://www.w3.org/2001/XMLSchema-instance" xmlns:libraryElement="org.fordiac.ide.model.libraryElement" xmlns:org.fordiac.ide.model.ui="org.fordiac.ide.model.ui">
  <children xsi:type="org.fordiac.ide.model.ui:DeviceView" deviceElement="//@systemConfigNetwork/@devices.0">
    <position x="361" y="209"/>
    <backgroundColor red="197" green="112" blue="39"/>
    <interfaceElements iInterfaceElement="//@systemConfigNetwork/@devices.0/@varDeclarations.0"/>
    <resourceContainerView showContent="true">
      <resources resourceElement="//@systemConfigNetwork/@devices.0/@resource.0">
        <uIResourceDiagram resourceElement="//@systemConfigNetwork/@devices.0/@resource.0" activeNetwork="//@children.0/@resourceContainerView/@resources.0/@uIResourceDiagram/@fbNetworks.0">
          <children xsi:type="org.fordiac.ide.model.ui:FBView" fb="//@systemConfigNetwork/@devices.0/@resource.0/@fBNetwork/@fBs.0">
            <position x="2" y="2"/>
            <backgroundColor red="192" green="192" blue="192"/>
            <interfaceElements iInterfaceElement="//@systemConfigNetwork/@devices.0/@resource.0/@fBNetwork/@fBs.0/@interface/@eventOutputs.0" outConnections="//@children.0/@resourceContainerView/@resources.0/@uIResourceDiagram/@connections.9" fbNetwork="//@systemConfigNetwork/@devices.0/@resource.0/@fBNetwork"/>
            <interfaceElements iInterfaceElement="//@systemConfigNetwork/@devices.0/@resource.0/@fBNetwork/@fBs.0/@interface/@eventOutputs.1" outConnections="//@children.0/@resourceContainerView/@resources.0/@uIResourceDiagram/@connections.10" fbNetwork="//@systemConfigNetwork/@devices.0/@resource.0/@fBNetwork"/>
            <interfaceElements iInterfaceElement="//@systemConfigNetwork/@devices.0/@resource.0/@fBNetwork/@fBs.0/@interface/@eventOutputs.2" fbNetwork="//@systemConfigNetwork/@devices.0/@resource.0/@fBNetwork"/>
          </children>
          <children xsi:type="org.fordiac.ide.model.ui:FBView">
            <position x="152" y="190"/>
            <backgroundColor red="192" green="192" blue="192"/>
            <fb href="Hades.xml#//@fbNetwork/@fBs.0"/>
            <interfaceElements inConnections="//@children.0/@resourceContainerView/@resources.0/@uIResourceDiagram/@connections.9 //@children.0/@resourceContainerView/@resources.0/@uIResourceDiagram/@connections.10" fbNetwork="//@systemConfigNetwork/@devices.0/@resource.0/@fBNetwork">
              <iInterfaceElement xsi:type="libraryElement:Event" href="Hades.xml#//@fbNetwork/@fBs.0/@interface/@eventInputs.0"/>
              <applicationInterfaceElement href="Hades.xml#//@children.0/@interfaceElements.0"/>
            </interfaceElements>
            <interfaceElements fbNetwork="//@systemConfigNetwork/@devices.0/@resource.0/@fBNetwork">
              <iInterfaceElement xsi:type="libraryElement:Event" href="Hades.xml#//@fbNetwork/@fBs.0/@interface/@eventInputs.1"/>
              <applicationInterfaceElement href="Hades.xml#//@children.0/@interfaceElements.1"/>
            </interfaceElements>
            <interfaceElements fbNetwork="//@systemConfigNetwork/@devices.0/@resource.0/@fBNetwork">
              <iInterfaceElement xsi:type="libraryElement:VarDeclaration" href="Hades.xml#//@fbNetwork/@fBs.0/@interface/@inputVars.0"/>
              <applicationInterfaceElement href="Hades.xml#//@children.0/@interfaceElements.2"/>
            </interfaceElements>
            <interfaceElements fbNetwork="//@systemConfigNetwork/@devices.0/@resource.0/@fBNetwork">
              <iInterfaceElement xsi:type="libraryElement:VarDeclaration" href="Hades.xml#//@fbNetwork/@fBs.0/@interface/@inputVars.1"/>
              <applicationInterfaceElement href="Hades.xml#//@children.0/@interfaceElements.3"/>
            </interfaceElements>
            <interfaceElements outConnections="//@children.0/@resourceContainerView/@resources.0/@uIResourceDiagram/@connections.11" fbNetwork="//@systemConfigNetwork/@devices.0/@resource.0/@fBNetwork">
              <iInterfaceElement xsi:type="libraryElement:Event" href="Hades.xml#//@fbNetwork/@fBs.0/@interface/@eventOutputs.0"/>
              <applicationInterfaceElement href="Hades.xml#//@children.0/@interfaceElements.4"/>
            </interfaceElements>
            <interfaceElements outConnections="//@children.0/@resourceContainerView/@resources.0/@uIResourceDiagram/@connections.2 //@children.0/@resourceContainerView/@resources.0/@uIResourceDiagram/@connections.12" fbNetwork="//@systemConfigNetwork/@devices.0/@resource.0/@fBNetwork">
              <iInterfaceElement xsi:type="libraryElement:Event" href="Hades.xml#//@fbNetwork/@fBs.0/@interface/@eventOutputs.1"/>
              <applicationInterfaceElement href="Hades.xml#//@children.0/@interfaceElements.5"/>
            </interfaceElements>
            <interfaceElements fbNetwork="//@systemConfigNetwork/@devices.0/@resource.0/@fBNetwork">
              <iInterfaceElement xsi:type="libraryElement:VarDeclaration" href="Hades.xml#//@fbNetwork/@fBs.0/@interface/@outputVars.0"/>
              <applicationInterfaceElement href="Hades.xml#//@children.0/@interfaceElements.6"/>
            </interfaceElements>
            <interfaceElements fbNetwork="//@systemConfigNetwork/@devices.0/@resource.0/@fBNetwork">
              <iInterfaceElement xsi:type="libraryElement:VarDeclaration" href="Hades.xml#//@fbNetwork/@fBs.0/@interface/@outputVars.1"/>
              <applicationInterfaceElement href="Hades.xml#//@children.0/@interfaceElements.7"/>
            </interfaceElements>
            <interfaceElements outConnections="//@children.0/@resourceContainerView/@resources.0/@uIResourceDiagram/@connections.3" fbNetwork="//@systemConfigNetwork/@devices.0/@resource.0/@fBNetwork">
              <iInterfaceElement xsi:type="libraryElement:VarDeclaration" href="Hades.xml#//@fbNetwork/@fBs.0/@interface/@outputVars.2"/>
              <applicationInterfaceElement href="Hades.xml#//@children.0/@interfaceElements.8"/>
            </interfaceElements>
            <interfaceElements outConnections="//@children.0/@resourceContainerView/@resources.0/@uIResourceDiagram/@connections.4" fbNetwork="//@systemConfigNetwork/@devices.0/@resource.0/@fBNetwork">
              <iInterfaceElement xsi:type="libraryElement:VarDeclaration" href="Hades.xml#//@fbNetwork/@fBs.0/@interface/@outputVars.3"/>
              <applicationInterfaceElement href="Hades.xml#//@children.0/@interfaceElements.9"/>
            </interfaceElements>
            <interfaceElements outConnections="//@children.0/@resourceContainerView/@resources.0/@uIResourceDiagram/@connections.13" fbNetwork="//@systemConfigNetwork/@devices.0/@resource.0/@fBNetwork">
              <iInterfaceElement xsi:type="libraryElement:VarDeclaration" href="Hades.xml#//@fbNetwork/@fBs.0/@interface/@outputVars.4"/>
              <applicationInterfaceElement href="Hades.xml#//@children.0/@interfaceElements.10"/>
            </interfaceElements>
            <applicationFB href="Hades.xml#//@children.0"/>
          </children>
          <children xsi:type="org.fordiac.ide.model.ui:FBView">
            <position x="608" y="228"/>
            <backgroundColor red="192" green="192" blue="192"/>
            <fb href="Hades.xml#//@fbNetwork/@fBs.4"/>
            <interfaceElements inConnections="//@children.0/@resourceContainerView/@resources.0/@uIResourceDiagram/@connections.0" fbNetwork="//@systemConfigNetwork/@devices.0/@resource.0/@fBNetwork">
              <iInterfaceElement xsi:type="libraryElement:Event" href="Hades.xml#//@fbNetwork/@fBs.4/@interface/@eventInputs.0"/>
              <applicationInterfaceElement href="Hades.xml#//@children.4/@interfaceElements.0"/>
            </interfaceElements>
            <interfaceElements inConnections="//@children.0/@resourceContainerView/@resources.0/@uIResourceDiagram/@connections.1" fbNetwork="//@systemConfigNetwork/@devices.0/@resource.0/@fBNetwork">
              <iInterfaceElement xsi:type="libraryElement:VarDeclaration" href="Hades.xml#//@fbNetwork/@fBs.4/@interface/@inputVars.0"/>
              <applicationInterfaceElement href="Hades.xml#//@children.4/@interfaceElements.1"/>
            </interfaceElements>
            <interfaceElements outConnections="//@children.0/@resourceContainerView/@resources.0/@uIResourceDiagram/@connections.7" fbNetwork="//@systemConfigNetwork/@devices.0/@resource.0/@fBNetwork">
              <iInterfaceElement xsi:type="libraryElement:Event" href="Hades.xml#//@fbNetwork/@fBs.4/@interface/@eventOutputs.0"/>
              <applicationInterfaceElement href="Hades.xml#//@children.4/@interfaceElements.2"/>
            </interfaceElements>
            <interfaceElements outConnections="//@children.0/@resourceContainerView/@resources.0/@uIResourceDiagram/@connections.8" fbNetwork="//@systemConfigNetwork/@devices.0/@resource.0/@fBNetwork">
              <iInterfaceElement xsi:type="libraryElement:VarDeclaration" href="Hades.xml#//@fbNetwork/@fBs.4/@interface/@outputVars.0"/>
              <applicationInterfaceElement href="Hades.xml#//@children.4/@interfaceElements.3"/>
            </interfaceElements>
            <applicationFB href="Hades.xml#//@children.4"/>
          </children>
          <children xsi:type="org.fordiac.ide.model.ui:FBView">
            <position x="494" y="228"/>
            <backgroundColor red="192" green="192" blue="192"/>
            <fb href="Hades.xml#//@fbNetwork/@fBs.3"/>
            <interfaceElements inConnections="//@children.0/@resourceContainerView/@resources.0/@uIResourceDiagram/@connections.5" fbNetwork="//@systemConfigNetwork/@devices.0/@resource.0/@fBNetwork">
              <iInterfaceElement xsi:type="libraryElement:Event" href="Hades.xml#//@fbNetwork/@fBs.3/@interface/@eventInputs.0"/>
              <applicationInterfaceElement href="Hades.xml#//@children.3/@interfaceElements.0"/>
            </interfaceElements>
            <interfaceElements inConnections="//@children.0/@resourceContainerView/@resources.0/@uIResourceDiagram/@connections.6" fbNetwork="//@systemConfigNetwork/@devices.0/@resource.0/@fBNetwork">
              <iInterfaceElement xsi:type="libraryElement:VarDeclaration" href="Hades.xml#//@fbNetwork/@fBs.3/@interface/@inputVars.0"/>
              <applicationInterfaceElement href="Hades.xml#//@children.3/@interfaceElements.1"/>
            </interfaceElements>
            <interfaceElements fbNetwork="//@systemConfigNetwork/@devices.0/@resource.0/@fBNetwork">
              <iInterfaceElement xsi:type="libraryElement:VarDeclaration" href="Hades.xml#//@fbNetwork/@fBs.3/@interface/@inputVars.1"/>
              <applicationInterfaceElement href="Hades.xml#//@children.3/@interfaceElements.2"/>
            </interfaceElements>
            <interfaceElements fbNetwork="//@systemConfigNetwork/@devices.0/@resource.0/@fBNetwork">
              <iInterfaceElement xsi:type="libraryElement:VarDeclaration" href="Hades.xml#//@fbNetwork/@fBs.3/@interface/@inputVars.2"/>
              <applicationInterfaceElement href="Hades.xml#//@children.3/@interfaceElements.3"/>
            </interfaceElements>
            <interfaceElements outConnections="//@children.0/@resourceContainerView/@resources.0/@uIResourceDiagram/@connections.0" fbNetwork="//@systemConfigNetwork/@devices.0/@resource.0/@fBNetwork">
              <iInterfaceElement xsi:type="libraryElement:Event" href="Hades.xml#//@fbNetwork/@fBs.3/@interface/@eventOutputs.0"/>
              <applicationInterfaceElement href="Hades.xml#//@children.3/@interfaceElements.4"/>
            </interfaceElements>
            <interfaceElements outConnections="//@children.0/@resourceContainerView/@resources.0/@uIResourceDiagram/@connections.1" fbNetwork="//@systemConfigNetwork/@devices.0/@resource.0/@fBNetwork">
              <iInterfaceElement xsi:type="libraryElement:VarDeclaration" href="Hades.xml#//@fbNetwork/@fBs.3/@interface/@outputVars.0"/>
              <applicationInterfaceElement href="Hades.xml#//@children.3/@interfaceElements.5"/>
            </interfaceElements>
            <applicationFB href="Hades.xml#//@children.3"/>
          </children>
          <children xsi:type="org.fordiac.ide.model.ui:FBView">
            <position x="342" y="228"/>
            <backgroundColor red="192" green="192" blue="192"/>
            <fb href="Hades.xml#//@fbNetwork/@fBs.2"/>
            <interfaceElements inConnections="//@children.0/@resourceContainerView/@resources.0/@uIResourceDiagram/@connections.2" fbNetwork="//@systemConfigNetwork/@devices.0/@resource.0/@fBNetwork">
              <iInterfaceElement xsi:type="libraryElement:Event" href="Hades.xml#//@fbNetwork/@fBs.2/@interface/@eventInputs.0"/>
              <applicationInterfaceElement href="Hades.xml#//@children.2/@interfaceElements.0"/>
            </interfaceElements>
            <interfaceElements inConnections="//@children.0/@resourceContainerView/@resources.0/@uIResourceDiagram/@connections.3" fbNetwork="//@systemConfigNetwork/@devices.0/@resource.0/@fBNetwork">
              <iInterfaceElement xsi:type="libraryElement:VarDeclaration" href="Hades.xml#//@fbNetwork/@fBs.2/@interface/@inputVars.0"/>
              <applicationInterfaceElement href="Hades.xml#//@children.2/@interfaceElements.1"/>
            </interfaceElements>
            <interfaceElements inConnections="//@children.0/@resourceContainerView/@resources.0/@uIResourceDiagram/@connections.4" fbNetwork="//@systemConfigNetwork/@devices.0/@resource.0/@fBNetwork">
              <iInterfaceElement xsi:type="libraryElement:VarDeclaration" href="Hades.xml#//@fbNetwork/@fBs.2/@interface/@inputVars.1"/>
              <applicationInterfaceElement href="Hades.xml#//@children.2/@interfaceElements.2"/>
            </interfaceElements>
            <interfaceElements outConnections="//@children.0/@resourceContainerView/@resources.0/@uIResourceDiagram/@connections.5" fbNetwork="//@systemConfigNetwork/@devices.0/@resource.0/@fBNetwork">
              <iInterfaceElement xsi:type="libraryElement:Event" href="Hades.xml#//@fbNetwork/@fBs.2/@interface/@eventOutputs.0"/>
              <applicationInterfaceElement href="Hades.xml#//@children.2/@interfaceElements.3"/>
            </interfaceElements>
            <interfaceElements outConnections="//@children.0/@resourceContainerView/@resources.0/@uIResourceDiagram/@connections.6" fbNetwork="//@systemConfigNetwork/@devices.0/@resource.0/@fBNetwork">
              <iInterfaceElement xsi:type="libraryElement:VarDeclaration" href="Hades.xml#//@fbNetwork/@fBs.2/@interface/@outputVars.0"/>
              <applicationInterfaceElement href="Hades.xml#//@children.2/@interfaceElements.4"/>
            </interfaceElements>
            <applicationFB href="Hades.xml#//@children.2"/>
          </children>
          <children xsi:type="org.fordiac.ide.model.ui:FBView">
            <position x="779" y="190"/>
            <backgroundColor red="192" green="192" blue="192"/>
            <fb href="Hades.xml#//@fbNetwork/@fBs.1"/>
            <interfaceElements inConnections="//@children.0/@resourceContainerView/@resources.0/@uIResourceDiagram/@connections.11" fbNetwork="//@systemConfigNetwork/@devices.0/@resource.0/@fBNetwork">
              <iInterfaceElement xsi:type="libraryElement:Event" href="Hades.xml#//@fbNetwork/@fBs.1/@interface/@eventInputs.0"/>
              <applicationInterfaceElement href="Hades.xml#//@children.1/@interfaceElements.0"/>
            </interfaceElements>
            <interfaceElements inConnections="//@children.0/@resourceContainerView/@resources.0/@uIResourceDiagram/@connections.7" fbNetwork="//@systemConfigNetwork/@devices.0/@resource.0/@fBNetwork">
              <iInterfaceElement xsi:type="libraryElement:Event" href="Hades.xml#//@fbNetwork/@fBs.1/@interface/@eventInputs.1"/>
              <applicationInterfaceElement href="Hades.xml#//@children.1/@interfaceElements.1"/>
            </interfaceElements>
            <interfaceElements fbNetwork="//@systemConfigNetwork/@devices.0/@resource.0/@fBNetwork">
              <iInterfaceElement xsi:type="libraryElement:VarDeclaration" href="Hades.xml#//@fbNetwork/@fBs.1/@interface/@inputVars.0"/>
              <applicationInterfaceElement href="Hades.xml#//@children.1/@interfaceElements.2"/>
            </interfaceElements>
            <interfaceElements fbNetwork="//@systemConfigNetwork/@devices.0/@resource.0/@fBNetwork">
              <iInterfaceElement xsi:type="libraryElement:VarDeclaration" href="Hades.xml#//@fbNetwork/@fBs.1/@interface/@inputVars.1"/>
              <applicationInterfaceElement href="Hades.xml#//@children.1/@interfaceElements.3"/>
            </interfaceElements>
            <interfaceElements inConnections="//@children.0/@resourceContainerView/@resources.0/@uIResourceDiagram/@connections.8" fbNetwork="//@systemConfigNetwork/@devices.0/@resource.0/@fBNetwork">
              <iInterfaceElement xsi:type="libraryElement:VarDeclaration" href="Hades.xml#//@fbNetwork/@fBs.1/@interface/@inputVars.2"/>
              <applicationInterfaceElement href="Hades.xml#//@children.1/@interfaceElements.4"/>
            </interfaceElements>
            <interfaceElements fbNetwork="//@systemConfigNetwork/@devices.0/@resource.0/@fBNetwork">
              <iInterfaceElement xsi:type="libraryElement:Event" href="Hades.xml#//@fbNetwork/@fBs.1/@interface/@eventOutputs.0"/>
              <applicationInterfaceElement href="Hades.xml#//@children.1/@interfaceElements.5"/>
            </interfaceElements>
            <interfaceElements fbNetwork="//@systemConfigNetwork/@devices.0/@resource.0/@fBNetwork">
              <iInterfaceElement xsi:type="libraryElement:Event" href="Hades.xml#//@fbNetwork/@fBs.1/@interface/@eventOutputs.1"/>
              <applicationInterfaceElement href="Hades.xml#//@children.1/@interfaceElements.6"/>
            </interfaceElements>
            <interfaceElements fbNetwork="//@systemConfigNetwork/@devices.0/@resource.0/@fBNetwork">
              <iInterfaceElement xsi:type="libraryElement:VarDeclaration" href="Hades.xml#//@fbNetwork/@fBs.1/@interface/@outputVars.0"/>
              <applicationInterfaceElement href="Hades.xml#//@children.1/@interfaceElements.7"/>
            </interfaceElements>
            <interfaceElements fbNetwork="//@systemConfigNetwork/@devices.0/@resource.0/@fBNetwork">
              <iInterfaceElement xsi:type="libraryElement:VarDeclaration" href="Hades.xml#//@fbNetwork/@fBs.1/@interface/@outputVars.1"/>
              <applicationInterfaceElement href="Hades.xml#//@children.1/@interfaceElements.8"/>
            </interfaceElements>
            <interfaceElements fbNetwork="//@systemConfigNetwork/@devices.0/@resource.0/@fBNetwork">
              <iInterfaceElement xsi:type="libraryElement:VarDeclaration" href="Hades.xml#//@fbNetwork/@fBs.1/@interface/@outputVars.2"/>
              <applicationInterfaceElement href="Hades.xml#//@children.1/@interfaceElements.9"/>
            </interfaceElements>
            <applicationFB href="Hades.xml#//@children.1"/>
          </children>
          <children xsi:type="org.fordiac.ide.model.ui:FBView">
            <position x="342" y="342"/>
            <backgroundColor red="192" green="192" blue="192"/>
            <fb href="Hades.xml#//@fbNetwork/@fBs.5"/>
            <interfaceElements inConnections="//@children.0/@resourceContainerView/@resources.0/@uIResourceDiagram/@connections.12" fbNetwork="//@systemConfigNetwork/@devices.0/@resource.0/@fBNetwork">
              <iInterfaceElement xsi:type="libraryElement:Event" href="Hades.xml#//@fbNetwork/@fBs.5/@interface/@eventInputs.0"/>
              <applicationInterfaceElement href="Hades.xml#//@children.5/@interfaceElements.0"/>
            </interfaceElements>
            <interfaceElements inConnections="//@children.0/@resourceContainerView/@resources.0/@uIResourceDiagram/@connections.13" fbNetwork="//@systemConfigNetwork/@devices.0/@resource.0/@fBNetwork">
              <iInterfaceElement xsi:type="libraryElement:VarDeclaration" href="Hades.xml#//@fbNetwork/@fBs.5/@interface/@inputVars.0"/>
              <applicationInterfaceElement href="Hades.xml#//@children.5/@interfaceElements.1"/>
            </interfaceElements>
            <interfaceElements fbNetwork="//@systemConfigNetwork/@devices.0/@resource.0/@fBNetwork">
              <iInterfaceElement xsi:type="libraryElement:Event" href="Hades.xml#//@fbNetwork/@fBs.5/@interface/@eventOutputs.0"/>
              <applicationInterfaceElement href="Hades.xml#//@children.5/@interfaceElements.2"/>
            </interfaceElements>
            <interfaceElements fbNetwork="//@systemConfigNetwork/@devices.0/@resource.0/@fBNetwork">
              <iInterfaceElement xsi:type="libraryElement:VarDeclaration" href="Hades.xml#//@fbNetwork/@fBs.5/@interface/@outputVars.0"/>
              <applicationInterfaceElement href="Hades.xml#//@children.5/@interfaceElements.3"/>
            </interfaceElements>
            <applicationFB href="Hades.xml#//@children.5"/>
          </children>
          <connections xsi:type="org.fordiac.ide.model.ui:ConnectionView" connectionElement="//@systemConfigNetwork/@devices.0/@resource.0/@fBNetwork/@eventConnections.0" source="//@children.0/@resourceContainerView/@resources.0/@uIResourceDiagram/@children.3/@interfaceElements.4" destination="//@children.0/@resourceContainerView/@resources.0/@uIResourceDiagram/@children.2/@interfaceElements.0"/>
          <connections xsi:type="org.fordiac.ide.model.ui:ConnectionView" connectionElement="//@systemConfigNetwork/@devices.0/@resource.0/@fBNetwork/@dataConnections.0" source="//@children.0/@resourceContainerView/@resources.0/@uIResourceDiagram/@children.3/@interfaceElements.5" destination="//@children.0/@resourceContainerView/@resources.0/@uIResourceDiagram/@children.2/@interfaceElements.1"/>
          <connections xsi:type="org.fordiac.ide.model.ui:ConnectionView" connectionElement="//@systemConfigNetwork/@devices.0/@resource.0/@fBNetwork/@eventConnections.1" source="//@children.0/@resourceContainerView/@resources.0/@uIResourceDiagram/@children.1/@interfaceElements.5" destination="//@children.0/@resourceContainerView/@resources.0/@uIResourceDiagram/@children.4/@interfaceElements.0"/>
          <connections xsi:type="org.fordiac.ide.model.ui:ConnectionView" connectionElement="//@systemConfigNetwork/@devices.0/@resource.0/@fBNetwork/@dataConnections.1" source="//@children.0/@resourceContainerView/@resources.0/@uIResourceDiagram/@children.1/@interfaceElements.8" destination="//@children.0/@resourceContainerView/@resources.0/@uIResourceDiagram/@children.4/@interfaceElements.1"/>
          <connections xsi:type="org.fordiac.ide.model.ui:ConnectionView" connectionElement="//@systemConfigNetwork/@devices.0/@resource.0/@fBNetwork/@dataConnections.2" source="//@children.0/@resourceContainerView/@resources.0/@uIResourceDiagram/@children.1/@interfaceElements.9" destination="//@children.0/@resourceContainerView/@resources.0/@uIResourceDiagram/@children.4/@interfaceElements.2"/>
          <connections xsi:type="org.fordiac.ide.model.ui:ConnectionView" connectionElement="//@systemConfigNetwork/@devices.0/@resource.0/@fBNetwork/@eventConnections.2" source="//@children.0/@resourceContainerView/@resources.0/@uIResourceDiagram/@children.4/@interfaceElements.3" destination="//@children.0/@resourceContainerView/@resources.0/@uIResourceDiagram/@children.3/@interfaceElements.0"/>
          <connections xsi:type="org.fordiac.ide.model.ui:ConnectionView" connectionElement="//@systemConfigNetwork/@devices.0/@resource.0/@fBNetwork/@dataConnections.3" source="//@children.0/@resourceContainerView/@resources.0/@uIResourceDiagram/@children.4/@interfaceElements.4" destination="//@children.0/@resourceContainerView/@resources.0/@uIResourceDiagram/@children.3/@interfaceElements.1"/>
          <connections xsi:type="org.fordiac.ide.model.ui:ConnectionView" connectionElement="//@systemConfigNetwork/@devices.0/@resource.0/@fBNetwork/@eventConnections.3" source="//@children.0/@resourceContainerView/@resources.0/@uIResourceDiagram/@children.2/@interfaceElements.2" destination="//@children.0/@resourceContainerView/@resources.0/@uIResourceDiagram/@children.5/@interfaceElements.1"/>
          <connections xsi:type="org.fordiac.ide.model.ui:ConnectionView" connectionElement="//@systemConfigNetwork/@devices.0/@resource.0/@fBNetwork/@dataConnections.4" source="//@children.0/@resourceContainerView/@resources.0/@uIResourceDiagram/@children.2/@interfaceElements.3" destination="//@children.0/@resourceContainerView/@resources.0/@uIResourceDiagram/@children.5/@interfaceElements.4"/>
          <connections xsi:type="org.fordiac.ide.model.ui:ConnectionView" connectionElement="//@systemConfigNetwork/@devices.0/@resource.0/@fBNetwork/@eventConnections.4" source="//@children.0/@resourceContainerView/@resources.0/@uIResourceDiagram/@children.0/@interfaceElements.0" destination="//@children.0/@resourceContainerView/@resources.0/@uIResourceDiagram/@children.1/@interfaceElements.0"/>
          <connections xsi:type="org.fordiac.ide.model.ui:ConnectionView" connectionElement="//@systemConfigNetwork/@devices.0/@resource.0/@fBNetwork/@eventConnections.5" source="//@children.0/@resourceContainerView/@resources.0/@uIResourceDiagram/@children.0/@interfaceElements.1" destination="//@children.0/@resourceContainerView/@resources.0/@uIResourceDiagram/@children.1/@interfaceElements.0"/>
          <connections xsi:type="org.fordiac.ide.model.ui:ConnectionView" connectionElement="//@systemConfigNetwork/@devices.0/@resource.0/@fBNetwork/@eventConnections.6" source="//@children.0/@resourceContainerView/@resources.0/@uIResourceDiagram/@children.1/@interfaceElements.4" destination="//@children.0/@resourceContainerView/@resources.0/@uIResourceDiagram/@children.5/@interfaceElements.0"/>
          <connections xsi:type="org.fordiac.ide.model.ui:ConnectionView" connectionElement="//@systemConfigNetwork/@devices.0/@resource.0/@fBNetwork/@eventConnections.7" source="//@children.0/@resourceContainerView/@resources.0/@uIResourceDiagram/@children.1/@interfaceElements.5" destination="//@children.0/@resourceContainerView/@resources.0/@uIResourceDiagram/@children.6/@interfaceElements.0"/>
          <connections xsi:type="org.fordiac.ide.model.ui:ConnectionView" connectionElement="//@systemConfigNetwork/@devices.0/@resource.0/@fBNetwork/@dataConnections.5" source="//@children.0/@resourceContainerView/@resources.0/@uIResourceDiagram/@children.1/@interfaceElements.10" destination="//@children.0/@resourceContainerView/@resources.0/@uIResourceDiagram/@children.6/@interfaceElements.1"/>
          <fbNetworks>
            <uiFBNetwork href="Hades.xml#/"/>
          </fbNetworks>
          <mappingEditorSize width="-1" height="250"/>
        </uIResourceDiagram>
      </resources>
    </resourceContainerView>
  </children>
  <systemConfigNetwork>
    <devices name="Hades PLC" identifier="true" profile="HOLOBLOC" typePath="Devices\FORTE_PC.dev">
      <resource name="EMB_RES" identifier="true" type="Resources\EMB_RES.res">
        <fBNetwork>
          <fBs xsi:type="libraryElement:ResourceTypeFB" name="START" identifier="true" id="_dO77gGrqEeeFp7FVgBEq_A" resourceTypeFB="true" fbtPath="events\E_RESTART.fbt">
            <interface>
              <eventOutputs name="COLD" comment="Cold Restart" outputConnections="//@systemConfigNetwork/@devices.0/@resource.0/@fBNetwork/@eventConnections.4"/>
              <eventOutputs name="WARM" comment="Warm Restart" outputConnections="//@systemConfigNetwork/@devices.0/@resource.0/@fBNetwork/@eventConnections.5"/>
              <eventOutputs name="STOP" comment="Resource is Stopping"/>
            </interface>
            <position x="2" y="2"/>
          </fBs>
          <dataConnections>
            <source href="Hades.xml#//@fbNetwork/@fBs.3/@interface/@outputVars.0"/>
            <destination href="Hades.xml#//@fbNetwork/@fBs.4/@interface/@inputVars.0"/>
          </dataConnections>
          <dataConnections>
            <source href="Hades.xml#//@fbNetwork/@fBs.0/@interface/@outputVars.2"/>
            <destination href="Hades.xml#//@fbNetwork/@fBs.2/@interface/@inputVars.0"/>
          </dataConnections>
          <dataConnections>
            <source href="Hades.xml#//@fbNetwork/@fBs.0/@interface/@outputVars.3"/>
            <destination href="Hades.xml#//@fbNetwork/@fBs.2/@interface/@inputVars.1"/>
          </dataConnections>
          <dataConnections>
            <source href="Hades.xml#//@fbNetwork/@fBs.2/@interface/@outputVars.0"/>
            <destination href="Hades.xml#//@fbNetwork/@fBs.3/@interface/@inputVars.0"/>
          </dataConnections>
          <dataConnections>
            <source href="Hades.xml#//@fbNetwork/@fBs.4/@interface/@outputVars.0"/>
            <destination href="Hades.xml#//@fbNetwork/@fBs.1/@interface/@inputVars.2"/>
          </dataConnections>
          <dataConnections dx1="45">
            <source href="Hades.xml#//@fbNetwork/@fBs.0/@interface/@outputVars.4"/>
            <destination href="Hades.xml#//@fbNetwork/@fBs.5/@interface/@inputVars.0"/>
          </dataConnections>
          <eventConnections>
            <source href="Hades.xml#//@fbNetwork/@fBs.3/@interface/@eventOutputs.0"/>
            <destination href="Hades.xml#//@fbNetwork/@fBs.4/@interface/@eventInputs.0"/>
          </eventConnections>
          <eventConnections>
            <source href="Hades.xml#//@fbNetwork/@fBs.0/@interface/@eventOutputs.1"/>
            <destination href="Hades.xml#//@fbNetwork/@fBs.2/@interface/@eventInputs.0"/>
          </eventConnections>
          <eventConnections>
            <source href="Hades.xml#//@fbNetwork/@fBs.2/@interface/@eventOutputs.0"/>
            <destination href="Hades.xml#//@fbNetwork/@fBs.3/@interface/@eventInputs.0"/>
          </eventConnections>
          <eventConnections>
            <source href="Hades.xml#//@fbNetwork/@fBs.4/@interface/@eventOutputs.0"/>
            <destination href="Hades.xml#//@fbNetwork/@fBs.1/@interface/@eventInputs.1"/>
          </eventConnections>
          <eventConnections resourceConnection="true" source="//@systemConfigNetwork/@devices.0/@resource.0/@fBNetwork/@fBs.0/@interface/@eventOutputs.0">
            <destination href="Hades.xml#//@fbNetwork/@fBs.0/@interface/@eventInputs.0"/>
          </eventConnections>
          <eventConnections resourceConnection="true" source="//@systemConfigNetwork/@devices.0/@resource.0/@fBNetwork/@fBs.0/@interface/@eventOutputs.1">
            <destination href="Hades.xml#//@fbNetwork/@fBs.0/@interface/@eventInputs.0"/>
          </eventConnections>
          <eventConnections>
            <source href="Hades.xml#//@fbNetwork/@fBs.0/@interface/@eventOutputs.0"/>
            <destination href="Hades.xml#//@fbNetwork/@fBs.1/@interface/@eventInputs.0"/>
          </eventConnections>
          <eventConnections>
            <source href="Hades.xml#//@fbNetwork/@fBs.0/@interface/@eventOutputs.1"/>
            <destination href="Hades.xml#//@fbNetwork/@fBs.5/@interface/@eventInputs.0"/>
          </eventConnections>
          <mappedFBs href="Hades.xml#//@fbNetwork/@fBs.0"/>
          <mappedFBs href="Hades.xml#//@fbNetwork/@fBs.4"/>
          <mappedFBs href="Hades.xml#//@fbNetwork/@fBs.3"/>
          <mappedFBs href="Hades.xml#//@fbNetwork/@fBs.2"/>
          <mappedFBs href="Hades.xml#//@fbNetwork/@fBs.1"/>
          <mappedFBs href="Hades.xml#//@fbNetwork/@fBs.5"/>
        </fBNetwork>
      </resource>
      <varDeclarations name="MGR_ID" comment="Device manager socket ID" isInput="true" arraySize="-1" typeName="WSTRING">
        <value value="&quot;localhost:61499&quot;"/>
        <varInitialization initialValue="&quot;localhost:61499&quot;"/>
      </varDeclarations>
    </devices>
  </systemConfigNetwork>
</org.fordiac.ide.model.ui:UISystemConfiguration>
