<?xml version="1.0" encoding="UTF-8"?>
<org.fordiac.ide.model.ui:UIFBNetwork xmi:version="2.0" xmlns:xmi="http://www.omg.org/XMI" xmlns:xsi="http://www.w3.org/2001/XMLSchema-instance" xmlns:libraryElement="org.fordiac.ide.model.libraryElement" xmlns:org.fordiac.ide.model.ui="org.fordiac.ide.model.ui">
  <children xsi:type="org.fordiac.ide.model.ui:FBView" fb="//@fbNetwork/@fBs.0">
    <position x="171" y="171"/>
    <backgroundColor red="192" green="192" blue="192"/>
    <interfaceElements iInterfaceElement="//@fbNetwork/@fBs.0/@interface/@eventInputs.0" fbNetwork="//@fbNetwork">
      <mappedInterfaceElement href="SysConf.xml#//@children.0/@resourceContainerView/@resources.0/@uIResourceDiagram/@children.6/@interfaceElements.0"/>
    </interfaceElements>
    <interfaceElements iInterfaceElement="//@fbNetwork/@fBs.0/@interface/@eventInputs.1" fbNetwork="//@fbNetwork">
      <mappedInterfaceElement href="SysConf.xml#//@children.0/@resourceContainerView/@resources.0/@uIResourceDiagram/@children.6/@interfaceElements.1"/>
    </interfaceElements>
    <interfaceElements iInterfaceElement="//@fbNetwork/@fBs.0/@interface/@inputVars.0" fbNetwork="//@fbNetwork">
      <mappedInterfaceElement href="SysConf.xml#//@children.0/@resourceContainerView/@resources.0/@uIResourceDiagram/@children.6/@interfaceElements.2"/>
    </interfaceElements>
    <interfaceElements iInterfaceElement="//@fbNetwork/@fBs.0/@interface/@inputVars.1" fbNetwork="//@fbNetwork">
      <mappedInterfaceElement href="SysConf.xml#//@children.0/@resourceContainerView/@resources.0/@uIResourceDiagram/@children.6/@interfaceElements.3"/>
    </interfaceElements>
    <interfaceElements iInterfaceElement="//@fbNetwork/@fBs.0/@interface/@eventOutputs.0" outConnections="//@connections.3" fbNetwork="//@fbNetwork">
      <mappedInterfaceElement href="SysConf.xml#//@children.0/@resourceContainerView/@resources.0/@uIResourceDiagram/@children.6/@interfaceElements.4"/>
    </interfaceElements>
    <interfaceElements iInterfaceElement="//@fbNetwork/@fBs.0/@interface/@eventOutputs.1" outConnections="//@connections.2" fbNetwork="//@fbNetwork">
      <mappedInterfaceElement href="SysConf.xml#//@children.0/@resourceContainerView/@resources.0/@uIResourceDiagram/@children.6/@interfaceElements.5"/>
    </interfaceElements>
    <interfaceElements iInterfaceElement="//@fbNetwork/@fBs.0/@interface/@outputVars.0" fbNetwork="//@fbNetwork">
      <mappedInterfaceElement href="SysConf.xml#//@children.0/@resourceContainerView/@resources.0/@uIResourceDiagram/@children.6/@interfaceElements.6"/>
    </interfaceElements>
    <interfaceElements iInterfaceElement="//@fbNetwork/@fBs.0/@interface/@outputVars.1" fbNetwork="//@fbNetwork">
      <mappedInterfaceElement href="SysConf.xml#//@children.0/@resourceContainerView/@resources.0/@uIResourceDiagram/@children.6/@interfaceElements.7"/>
    </interfaceElements>
    <interfaceElements iInterfaceElement="//@fbNetwork/@fBs.0/@interface/@outputVars.2" outConnections="//@connections.1" fbNetwork="//@fbNetwork">
      <mappedInterfaceElement href="SysConf.xml#//@children.0/@resourceContainerView/@resources.0/@uIResourceDiagram/@children.6/@interfaceElements.8"/>
    </interfaceElements>
    <interfaceElements iInterfaceElement="//@fbNetwork/@fBs.0/@interface/@outputVars.3" outConnections="//@connections.13" fbNetwork="//@fbNetwork">
      <mappedInterfaceElement href="SysConf.xml#//@children.0/@resourceContainerView/@resources.0/@uIResourceDiagram/@children.6/@interfaceElements.9"/>
    </interfaceElements>
    <interfaceElements iInterfaceElement="//@fbNetwork/@fBs.0/@interface/@outputVars.4" outConnections="//@connections.14" fbNetwork="//@fbNetwork">
      <mappedInterfaceElement href="SysConf.xml#//@children.0/@resourceContainerView/@resources.0/@uIResourceDiagram/@children.6/@interfaceElements.10"/>
    </interfaceElements>
    <mappedFB href="SysConf.xml#//@children.0/@resourceContainerView/@resources.0/@uIResourceDiagram/@children.6"/>
  </children>
  <children xsi:type="org.fordiac.ide.model.ui:FBView" fb="//@fbNetwork/@fBs.1">
    <position x="1045" y="171"/>
    <backgroundColor red="192" green="192" blue="192"/>
    <interfaceElements iInterfaceElement="//@fbNetwork/@fBs.1/@interface/@eventInputs.0" inConnections="//@connections.4" fbNetwork="//@fbNetwork">
      <mappedInterfaceElement href="SysConf.xml#//@children.0/@resourceContainerView/@resources.0/@uIResourceDiagram/@children.2/@interfaceElements.0"/>
    </interfaceElements>
    <interfaceElements iInterfaceElement="//@fbNetwork/@fBs.1/@interface/@eventInputs.1" inConnections="//@connections.7" fbNetwork="//@fbNetwork">
      <mappedInterfaceElement href="SysConf.xml#//@children.0/@resourceContainerView/@resources.0/@uIResourceDiagram/@children.2/@interfaceElements.1"/>
    </interfaceElements>
    <interfaceElements iInterfaceElement="//@fbNetwork/@fBs.1/@interface/@inputVars.0" fbNetwork="//@fbNetwork">
      <mappedInterfaceElement href="SysConf.xml#//@children.0/@resourceContainerView/@resources.0/@uIResourceDiagram/@children.2/@interfaceElements.2"/>
    </interfaceElements>
    <interfaceElements iInterfaceElement="//@fbNetwork/@fBs.1/@interface/@inputVars.1" fbNetwork="//@fbNetwork">
      <mappedInterfaceElement href="SysConf.xml#//@children.0/@resourceContainerView/@resources.0/@uIResourceDiagram/@children.2/@interfaceElements.3"/>
    </interfaceElements>
    <interfaceElements iInterfaceElement="//@fbNetwork/@fBs.1/@interface/@inputVars.2" inConnections="//@connections.8" fbNetwork="//@fbNetwork">
      <mappedInterfaceElement href="SysConf.xml#//@children.0/@resourceContainerView/@resources.0/@uIResourceDiagram/@children.2/@interfaceElements.4"/>
    </interfaceElements>
    <interfaceElements iInterfaceElement="//@fbNetwork/@fBs.1/@interface/@eventOutputs.0" fbNetwork="//@fbNetwork">
      <mappedInterfaceElement href="SysConf.xml#//@children.0/@resourceContainerView/@resources.0/@uIResourceDiagram/@children.2/@interfaceElements.5"/>
    </interfaceElements>
    <interfaceElements iInterfaceElement="//@fbNetwork/@fBs.1/@interface/@eventOutputs.1" fbNetwork="//@fbNetwork">
      <mappedInterfaceElement href="SysConf.xml#//@children.0/@resourceContainerView/@resources.0/@uIResourceDiagram/@children.2/@interfaceElements.6"/>
    </interfaceElements>
    <interfaceElements iInterfaceElement="//@fbNetwork/@fBs.1/@interface/@outputVars.0" fbNetwork="//@fbNetwork">
      <mappedInterfaceElement href="SysConf.xml#//@children.0/@resourceContainerView/@resources.0/@uIResourceDiagram/@children.2/@interfaceElements.7"/>
    </interfaceElements>
    <interfaceElements iInterfaceElement="//@fbNetwork/@fBs.1/@interface/@outputVars.1" fbNetwork="//@fbNetwork">
      <mappedInterfaceElement href="SysConf.xml#//@children.0/@resourceContainerView/@resources.0/@uIResourceDiagram/@children.2/@interfaceElements.8"/>
    </interfaceElements>
    <interfaceElements iInterfaceElement="//@fbNetwork/@fBs.1/@interface/@outputVars.2" fbNetwork="//@fbNetwork">
      <mappedInterfaceElement href="SysConf.xml#//@children.0/@resourceContainerView/@resources.0/@uIResourceDiagram/@children.2/@interfaceElements.9"/>
    </interfaceElements>
    <mappedFB href="SysConf.xml#//@children.0/@resourceContainerView/@resources.0/@uIResourceDiagram/@children.2"/>
  </children>
  <children xsi:type="org.fordiac.ide.model.ui:FBView" fb="//@fbNetwork/@fBs.2">
    <position x="703" y="171"/>
    <backgroundColor red="192" green="192" blue="192"/>
    <interfaceElements iInterfaceElement="//@fbNetwork/@fBs.2/@interface/@eventInputs.0" inConnections="//@connections.3" fbNetwork="//@fbNetwork">
      <mappedInterfaceElement href="SysConf.xml#//@children.0/@resourceContainerView/@resources.0/@uIResourceDiagram/@children.4/@interfaceElements.0"/>
    </interfaceElements>
    <interfaceElements iInterfaceElement="//@fbNetwork/@fBs.2/@interface/@eventInputs.1" inConnections="//@connections.15" fbNetwork="//@fbNetwork">
      <mappedInterfaceElement href="SysConf.xml#//@children.0/@resourceContainerView/@resources.0/@uIResourceDiagram/@children.4/@interfaceElements.1"/>
    </interfaceElements>
    <interfaceElements iInterfaceElement="//@fbNetwork/@fBs.2/@interface/@inputVars.0" fbNetwork="//@fbNetwork">
      <mappedInterfaceElement href="SysConf.xml#//@children.0/@resourceContainerView/@resources.0/@uIResourceDiagram/@children.4/@interfaceElements.2"/>
    </interfaceElements>
    <interfaceElements iInterfaceElement="//@fbNetwork/@fBs.2/@interface/@inputVars.1" fbNetwork="//@fbNetwork">
      <mappedInterfaceElement href="SysConf.xml#//@children.0/@resourceContainerView/@resources.0/@uIResourceDiagram/@children.4/@interfaceElements.3"/>
    </interfaceElements>
    <interfaceElements iInterfaceElement="//@fbNetwork/@fBs.2/@interface/@inputVars.2" inConnections="//@connections.0" fbNetwork="//@fbNetwork">
      <mappedInterfaceElement href="SysConf.xml#//@children.0/@resourceContainerView/@resources.0/@uIResourceDiagram/@children.4/@interfaceElements.4"/>
    </interfaceElements>
    <interfaceElements iInterfaceElement="//@fbNetwork/@fBs.2/@interface/@inputVars.3" inConnections="//@connections.9" fbNetwork="//@fbNetwork">
      <mappedInterfaceElement href="SysConf.xml#//@children.0/@resourceContainerView/@resources.0/@uIResourceDiagram/@children.4/@interfaceElements.5"/>
    </interfaceElements>
    <interfaceElements iInterfaceElement="//@fbNetwork/@fBs.2/@interface/@inputVars.4" inConnections="//@connections.10" fbNetwork="//@fbNetwork">
      <mappedInterfaceElement href="SysConf.xml#//@children.0/@resourceContainerView/@resources.0/@uIResourceDiagram/@children.4/@interfaceElements.6"/>
    </interfaceElements>
    <interfaceElements iInterfaceElement="//@fbNetwork/@fBs.2/@interface/@eventOutputs.0" outConnections="//@connections.4" fbNetwork="//@fbNetwork">
      <mappedInterfaceElement href="SysConf.xml#//@children.0/@resourceContainerView/@resources.0/@uIResourceDiagram/@children.4/@interfaceElements.7"/>
    </interfaceElements>
    <interfaceElements iInterfaceElement="//@fbNetwork/@fBs.2/@interface/@eventOutputs.1" outConnections="//@connections.6" fbNetwork="//@fbNetwork">
      <mappedInterfaceElement href="SysConf.xml#//@children.0/@resourceContainerView/@resources.0/@uIResourceDiagram/@children.4/@interfaceElements.8"/>
    </interfaceElements>
    <interfaceElements iInterfaceElement="//@fbNetwork/@fBs.2/@interface/@outputVars.0" fbNetwork="//@fbNetwork">
      <mappedInterfaceElement href="SysConf.xml#//@children.0/@resourceContainerView/@resources.0/@uIResourceDiagram/@children.4/@interfaceElements.9"/>
    </interfaceElements>
    <interfaceElements iInterfaceElement="//@fbNetwork/@fBs.2/@interface/@outputVars.1" fbNetwork="//@fbNetwork">
      <mappedInterfaceElement href="SysConf.xml#//@children.0/@resourceContainerView/@resources.0/@uIResourceDiagram/@children.4/@interfaceElements.10"/>
    </interfaceElements>
    <interfaceElements iInterfaceElement="//@fbNetwork/@fBs.2/@interface/@outputVars.2" outConnections="//@connections.5" fbNetwork="//@fbNetwork">
      <mappedInterfaceElement href="SysConf.xml#//@children.0/@resourceContainerView/@resources.0/@uIResourceDiagram/@children.4/@interfaceElements.11"/>
    </interfaceElements>
    <mappedFB href="SysConf.xml#//@children.0/@resourceContainerView/@resources.0/@uIResourceDiagram/@children.4"/>
  </children>
  <children xsi:type="org.fordiac.ide.model.ui:FBView" fb="//@fbNetwork/@fBs.3">
    <position x="342" y="209"/>
    <backgroundColor red="192" green="192" blue="192"/>
    <interfaceElements iInterfaceElement="//@fbNetwork/@fBs.3/@interface/@eventInputs.0" inConnections="//@connections.2" fbNetwork="//@fbNetwork">
      <mappedInterfaceElement href="SysConf.xml#//@children.0/@resourceContainerView/@resources.0/@uIResourceDiagram/@children.7/@interfaceElements.0"/>
    </interfaceElements>
    <interfaceElements iInterfaceElement="//@fbNetwork/@fBs.3/@interface/@inputVars.0" inConnections="//@connections.1" fbNetwork="//@fbNetwork">
      <mappedInterfaceElement href="SysConf.xml#//@children.0/@resourceContainerView/@resources.0/@uIResourceDiagram/@children.7/@interfaceElements.1"/>
    </interfaceElements>
    <interfaceElements iInterfaceElement="//@fbNetwork/@fBs.3/@interface/@eventOutputs.0" outConnections="//@connections.11" fbNetwork="//@fbNetwork">
      <mappedInterfaceElement href="SysConf.xml#//@children.0/@resourceContainerView/@resources.0/@uIResourceDiagram/@children.7/@interfaceElements.2"/>
    </interfaceElements>
    <interfaceElements iInterfaceElement="//@fbNetwork/@fBs.3/@interface/@outputVars.0" outConnections="//@connections.0" fbNetwork="//@fbNetwork">
      <mappedInterfaceElement href="SysConf.xml#//@children.0/@resourceContainerView/@resources.0/@uIResourceDiagram/@children.7/@interfaceElements.3"/>
    </interfaceElements>
    <mappedFB href="SysConf.xml#//@children.0/@resourceContainerView/@resources.0/@uIResourceDiagram/@children.7"/>
  </children>
  <children xsi:type="org.fordiac.ide.model.ui:FBView" fb="//@fbNetwork/@fBs.4">
    <position x="342" y="304"/>
    <backgroundColor red="192" green="192" blue="192"/>
    <interfaceElements iInterfaceElement="//@fbNetwork/@fBs.4/@interface/@eventInputs.0" inConnections="//@connections.11" fbNetwork="//@fbNetwork">
      <mappedInterfaceElement href="SysConf.xml#//@children.0/@resourceContainerView/@resources.0/@uIResourceDiagram/@children.5/@interfaceElements.0"/>
    </interfaceElements>
    <interfaceElements iInterfaceElement="//@fbNetwork/@fBs.4/@interface/@inputVars.0" inConnections="//@connections.13" fbNetwork="//@fbNetwork">
      <mappedInterfaceElement href="SysConf.xml#//@children.0/@resourceContainerView/@resources.0/@uIResourceDiagram/@children.5/@interfaceElements.1"/>
    </interfaceElements>
    <interfaceElements iInterfaceElement="//@fbNetwork/@fBs.4/@interface/@eventOutputs.0" outConnections="//@connections.12" fbNetwork="//@fbNetwork">
      <mappedInterfaceElement href="SysConf.xml#//@children.0/@resourceContainerView/@resources.0/@uIResourceDiagram/@children.5/@interfaceElements.2"/>
    </interfaceElements>
    <interfaceElements iInterfaceElement="//@fbNetwork/@fBs.4/@interface/@outputVars.0" outConnections="//@connections.9" fbNetwork="//@fbNetwork">
      <mappedInterfaceElement href="SysConf.xml#//@children.0/@resourceContainerView/@resources.0/@uIResourceDiagram/@children.5/@interfaceElements.3"/>
    </interfaceElements>
    <mappedFB href="SysConf.xml#//@children.0/@resourceContainerView/@resources.0/@uIResourceDiagram/@children.5"/>
  </children>
  <children xsi:type="org.fordiac.ide.model.ui:FBView" fb="//@fbNetwork/@fBs.5">
    <position x="342" y="399"/>
    <backgroundColor red="192" green="192" blue="192"/>
    <interfaceElements iInterfaceElement="//@fbNetwork/@fBs.5/@interface/@eventInputs.0" inConnections="//@connections.12" fbNetwork="//@fbNetwork">
      <mappedInterfaceElement href="SysConf.xml#//@children.0/@resourceContainerView/@resources.0/@uIResourceDiagram/@children.1/@interfaceElements.0"/>
    </interfaceElements>
    <interfaceElements iInterfaceElement="//@fbNetwork/@fBs.5/@interface/@inputVars.0" inConnections="//@connections.14" fbNetwork="//@fbNetwork">
      <mappedInterfaceElement href="SysConf.xml#//@children.0/@resourceContainerView/@resources.0/@uIResourceDiagram/@children.1/@interfaceElements.1"/>
    </interfaceElements>
    <interfaceElements iInterfaceElement="//@fbNetwork/@fBs.5/@interface/@eventOutputs.0" outConnections="//@connections.15" fbNetwork="//@fbNetwork">
      <mappedInterfaceElement href="SysConf.xml#//@children.0/@resourceContainerView/@resources.0/@uIResourceDiagram/@children.1/@interfaceElements.2"/>
    </interfaceElements>
    <interfaceElements iInterfaceElement="//@fbNetwork/@fBs.5/@interface/@outputVars.0" outConnections="//@connections.10" fbNetwork="//@fbNetwork">
      <mappedInterfaceElement href="SysConf.xml#//@children.0/@resourceContainerView/@resources.0/@uIResourceDiagram/@children.1/@interfaceElements.3"/>
    </interfaceElements>
    <mappedFB href="SysConf.xml#//@children.0/@resourceContainerView/@resources.0/@uIResourceDiagram/@children.1"/>
  </children>
  <children xsi:type="org.fordiac.ide.model.ui:FBView" fb="//@fbNetwork/@fBs.6">
    <position x="855" y="209"/>
    <backgroundColor red="192" green="192" blue="192"/>
    <interfaceElements iInterfaceElement="//@fbNetwork/@fBs.6/@interface/@eventInputs.0" inConnections="//@connections.6" fbNetwork="//@fbNetwork">
      <mappedInterfaceElement href="SysConf.xml#//@children.0/@resourceContainerView/@resources.0/@uIResourceDiagram/@children.3/@interfaceElements.0"/>
    </interfaceElements>
    <interfaceElements iInterfaceElement="//@fbNetwork/@fBs.6/@interface/@inputVars.0" inConnections="//@connections.5" fbNetwork="//@fbNetwork">
      <mappedInterfaceElement href="SysConf.xml#//@children.0/@resourceContainerView/@resources.0/@uIResourceDiagram/@children.3/@interfaceElements.1"/>
    </interfaceElements>
    <interfaceElements iInterfaceElement="//@fbNetwork/@fBs.6/@interface/@eventOutputs.0" outConnections="//@connections.7" fbNetwork="//@fbNetwork">
      <mappedInterfaceElement href="SysConf.xml#//@children.0/@resourceContainerView/@resources.0/@uIResourceDiagram/@children.3/@interfaceElements.2"/>
    </interfaceElements>
    <interfaceElements iInterfaceElement="//@fbNetwork/@fBs.6/@interface/@outputVars.0" outConnections="//@connections.8" fbNetwork="//@fbNetwork">
      <mappedInterfaceElement href="SysConf.xml#//@children.0/@resourceContainerView/@resources.0/@uIResourceDiagram/@children.3/@interfaceElements.3"/>
    </interfaceElements>
    <mappedFB href="SysConf.xml#//@children.0/@resourceContainerView/@resources.0/@uIResourceDiagram/@children.3"/>
  </children>
  <connections xsi:type="org.fordiac.ide.model.ui:ConnectionView" source="//@children.3/@interfaceElements.3" destination="//@children.2/@interfaceElements.4">
    <connectionElement xsi:type="libraryElement:DataConnection" href="SysConf.xml#//@systemConfigNetwork/@devices.0/@resource.0/@fBNetwork/@dataConnections.7"/>
  </connections>
  <connections xsi:type="org.fordiac.ide.model.ui:ConnectionView" source="//@children.0/@interfaceElements.8" destination="//@children.3/@interfaceElements.1">
    <connectionElement xsi:type="libraryElement:DataConnection" href="SysConf.xml#//@systemConfigNetwork/@devices.0/@resource.0/@fBNetwork/@dataConnections.6"/>
  </connections>
  <connections xsi:type="org.fordiac.ide.model.ui:ConnectionView" source="//@children.0/@interfaceElements.5" destination="//@children.3/@interfaceElements.0">
    <connectionElement xsi:type="libraryElement:EventConnection" href="SysConf.xml#//@systemConfigNetwork/@devices.0/@resource.0/@fBNetwork/@eventConnections.5"/>
  </connections>
  <connections xsi:type="org.fordiac.ide.model.ui:ConnectionView" source="//@children.0/@interfaceElements.4" destination="//@children.2/@interfaceElements.0">
    <connectionElement xsi:type="libraryElement:EventConnection" href="SysConf.xml#//@systemConfigNetwork/@devices.0/@resource.0/@fBNetwork/@eventConnections.4"/>
  </connections>
  <connections xsi:type="org.fordiac.ide.model.ui:ConnectionView" source="//@children.2/@interfaceElements.7" destination="//@children.1/@interfaceElements.0">
    <connectionElement xsi:type="libraryElement:EventConnection" href="SysConf.xml#//@systemConfigNetwork/@devices.0/@resource.0/@fBNetwork/@eventConnections.1"/>
  </connections>
  <connections xsi:type="org.fordiac.ide.model.ui:ConnectionView" source="//@children.2/@interfaceElements.11" destination="//@children.6/@interfaceElements.1">
    <connectionElement xsi:type="libraryElement:DataConnection" href="SysConf.xml#//@systemConfigNetwork/@devices.0/@resource.0/@fBNetwork/@dataConnections.2"/>
  </connections>
  <connections xsi:type="org.fordiac.ide.model.ui:ConnectionView" source="//@children.2/@interfaceElements.8" destination="//@children.6/@interfaceElements.0">
    <connectionElement xsi:type="libraryElement:EventConnection" href="SysConf.xml#//@systemConfigNetwork/@devices.0/@resource.0/@fBNetwork/@eventConnections.2"/>
  </connections>
  <connections xsi:type="org.fordiac.ide.model.ui:ConnectionView" source="//@children.6/@interfaceElements.2" destination="//@children.1/@interfaceElements.1">
    <connectionElement xsi:type="libraryElement:EventConnection" href="SysConf.xml#//@systemConfigNetwork/@devices.0/@resource.0/@fBNetwork/@eventConnections.0"/>
  </connections>
  <connections xsi:type="org.fordiac.ide.model.ui:ConnectionView" source="//@children.6/@interfaceElements.3" destination="//@children.1/@interfaceElements.4">
    <connectionElement xsi:type="libraryElement:DataConnection" href="SysConf.xml#//@systemConfigNetwork/@devices.0/@resource.0/@fBNetwork/@dataConnections.0"/>
  </connections>
  <connections xsi:type="org.fordiac.ide.model.ui:ConnectionView" source="//@children.4/@interfaceElements.3" destination="//@children.2/@interfaceElements.5">
    <connectionElement xsi:type="libraryElement:DataConnection" href="SysConf.xml#//@systemConfigNetwork/@devices.0/@resource.0/@fBNetwork/@dataConnections.3"/>
  </connections>
  <connections xsi:type="org.fordiac.ide.model.ui:ConnectionView" source="//@children.5/@interfaceElements.3" destination="//@children.2/@interfaceElements.6">
    <connectionElement xsi:type="libraryElement:DataConnection" href="SysConf.xml#//@systemConfigNetwork/@devices.0/@resource.0/@fBNetwork/@dataConnections.1"/>
  </connections>
  <connections xsi:type="org.fordiac.ide.model.ui:ConnectionView" source="//@children.3/@interfaceElements.2" destination="//@children.4/@interfaceElements.0">
    <connectionElement xsi:type="libraryElement:EventConnection" href="SysConf.xml#//@systemConfigNetwork/@devices.0/@resource.0/@fBNetwork/@eventConnections.6"/>
  </connections>
  <connections xsi:type="org.fordiac.ide.model.ui:ConnectionView" source="//@children.4/@interfaceElements.2" destination="//@children.5/@interfaceElements.0">
    <connectionElement xsi:type="libraryElement:EventConnection" href="SysConf.xml#//@systemConfigNetwork/@devices.0/@resource.0/@fBNetwork/@eventConnections.3"/>
  </connections>
  <connections xsi:type="org.fordiac.ide.model.ui:ConnectionView" source="//@children.0/@interfaceElements.9" destination="//@children.4/@interfaceElements.1">
    <connectionElement xsi:type="libraryElement:DataConnection" href="SysConf.xml#//@systemConfigNetwork/@devices.0/@resource.0/@fBNetwork/@dataConnections.4"/>
  </connections>
  <connections xsi:type="org.fordiac.ide.model.ui:ConnectionView" source="//@children.0/@interfaceElements.10" destination="//@children.5/@interfaceElements.1">
    <connectionElement xsi:type="libraryElement:DataConnection" href="SysConf.xml#//@systemConfigNetwork/@devices.0/@resource.0/@fBNetwork/@dataConnections.5"/>
  </connections>
  <connections xsi:type="org.fordiac.ide.model.ui:ConnectionView" source="//@children.5/@interfaceElements.2" destination="//@children.2/@interfaceElements.1">
    <connectionElement xsi:type="libraryElement:EventConnection" href="SysConf.xml#//@systemConfigNetwork/@devices.0/@resource.0/@fBNetwork/@eventConnections.9"/>
  </connections>
  <fbNetwork>
    <fBs name="From_FMITerminalBlock" identifier="true" id="_v_CCkGucEeeNDOUYAKJjkg" fbtPath="net\SERVER_0_3.fbt">
      <interface>
        <eventInputs name="INIT" isInput="true">
          <with variables="//@fbNetwork/@fBs.0/@interface/@inputVars.0"/>
          <with variables="//@fbNetwork/@fBs.0/@interface/@inputVars.1"/>
          <inputConnections href="SysConf.xml#//@systemConfigNetwork/@devices.0/@resource.0/@fBNetwork/@eventConnections.7"/>
          <inputConnections href="SysConf.xml#//@systemConfigNetwork/@devices.0/@resource.0/@fBNetwork/@eventConnections.8"/>
        </eventInputs>
        <eventInputs name="RSP" isInput="true">
          <with variables="//@fbNetwork/@fBs.0/@interface/@inputVars.0"/>
        </eventInputs>
        <eventOutputs name="INITO">
          <with variables="//@fbNetwork/@fBs.0/@interface/@outputVars.0"/>
          <with variables="//@fbNetwork/@fBs.0/@interface/@outputVars.1"/>
          <outputConnections href="SysConf.xml#//@systemConfigNetwork/@devices.0/@resource.0/@fBNetwork/@eventConnections.4"/>
        </eventOutputs>
        <eventOutputs name="IND">
          <with variables="//@fbNetwork/@fBs.0/@interface/@outputVars.0"/>
          <with variables="//@fbNetwork/@fBs.0/@interface/@outputVars.1"/>
          <with variables="//@fbNetwork/@fBs.0/@interface/@outputVars.2"/>
          <with variables="//@fbNetwork/@fBs.0/@interface/@outputVars.3"/>
          <with variables="//@fbNetwork/@fBs.0/@interface/@outputVars.4"/>
          <outputConnections href="SysConf.xml#//@systemConfigNetwork/@devices.0/@resource.0/@fBNetwork/@eventConnections.5"/>
        </eventOutputs>
        <inputVars name="QI" isInput="true" arraySize="-1" typeName="BOOL" withs="//@fbNetwork/@fBs.0/@interface/@eventInputs.0/@with.0 //@fbNetwork/@fBs.0/@interface/@eventInputs.1/@with.0">
          <value value="1"/>
        </inputVars>
        <inputVars name="ID" isInput="true" arraySize="-1" typeName="WSTRING" withs="//@fbNetwork/@fBs.0/@interface/@eventInputs.0/@with.1">
          <value value="localhost:1499"/>
        </inputVars>
        <outputVars name="QO" arraySize="-1" typeName="BOOL" withs="//@fbNetwork/@fBs.0/@interface/@eventOutputs.0/@with.0 //@fbNetwork/@fBs.0/@interface/@eventOutputs.1/@with.0"/>
        <outputVars name="STATUS" arraySize="-1" typeName="WSTRING" withs="//@fbNetwork/@fBs.0/@interface/@eventOutputs.0/@with.1 //@fbNetwork/@fBs.0/@interface/@eventOutputs.1/@with.1"/>
        <outputVars name="RD_1" arraySize="-1" typeName="ANY" withs="//@fbNetwork/@fBs.0/@interface/@eventOutputs.1/@with.2">
          <outputConnections href="SysConf.xml#//@systemConfigNetwork/@devices.0/@resource.0/@fBNetwork/@dataConnections.6"/>
        </outputVars>
        <outputVars name="RD_2" arraySize="-1" typeName="ANY" withs="//@fbNetwork/@fBs.0/@interface/@eventOutputs.1/@with.3">
          <outputConnections href="SysConf.xml#//@systemConfigNetwork/@devices.0/@resource.0/@fBNetwork/@dataConnections.4"/>
        </outputVars>
        <outputVars name="RD_3" arraySize="-1" typeName="ANY" withs="//@fbNetwork/@fBs.0/@interface/@eventOutputs.1/@with.4">
          <outputConnections href="SysConf.xml#//@systemConfigNetwork/@devices.0/@resource.0/@fBNetwork/@dataConnections.5"/>
        </outputVars>
      </interface>
      <position x="171" y="171"/>
      <resource href="SysConf.xml#//@systemConfigNetwork/@devices.0/@resource.0/@fBNetwork"/>
    </fBs>
    <fBs name="To_FMITerminalBlock" identifier="true" id="_w0lxkGucEeeNDOUYAKJjkg" fbtPath="net\SERVER_1.fbt">
      <interface>
        <eventInputs name="INIT" comment="Service Initialization" isInput="true">
          <with variables="//@fbNetwork/@fBs.1/@interface/@inputVars.0"/>
          <with variables="//@fbNetwork/@fBs.1/@interface/@inputVars.1"/>
          <inputConnections href="SysConf.xml#//@systemConfigNetwork/@devices.0/@resource.0/@fBNetwork/@eventConnections.1"/>
        </eventInputs>
        <eventInputs name="RSP" comment="Service Response" isInput="true">
          <with variables="//@fbNetwork/@fBs.1/@interface/@inputVars.0"/>
          <with variables="//@fbNetwork/@fBs.1/@interface/@inputVars.2"/>
          <inputConnections href="SysConf.xml#//@systemConfigNetwork/@devices.0/@resource.0/@fBNetwork/@eventConnections.0"/>
        </eventInputs>
        <eventOutputs name="INITO" comment="Initialization Confirm">
          <with variables="//@fbNetwork/@fBs.1/@interface/@outputVars.0"/>
          <with variables="//@fbNetwork/@fBs.1/@interface/@outputVars.1"/>
        </eventOutputs>
        <eventOutputs name="IND" comment="Service Indication">
          <with variables="//@fbNetwork/@fBs.1/@interface/@outputVars.0"/>
          <with variables="//@fbNetwork/@fBs.1/@interface/@outputVars.1"/>
          <with variables="//@fbNetwork/@fBs.1/@interface/@outputVars.2"/>
        </eventOutputs>
        <inputVars name="QI" comment="Event Input Qualifier" isInput="true" arraySize="-1" typeName="BOOL" withs="//@fbNetwork/@fBs.1/@interface/@eventInputs.0/@with.0 //@fbNetwork/@fBs.1/@interface/@eventInputs.1/@with.0">
          <value value="1"/>
        </inputVars>
        <inputVars name="ID" comment="Connection Identifier" isInput="true" arraySize="-1" typeName="WSTRING" withs="//@fbNetwork/@fBs.1/@interface/@eventInputs.0/@with.1">
          <value value="localhost:1500"/>
        </inputVars>
        <inputVars name="SD_1" comment="Data to Send" isInput="true" arraySize="-1" typeName="ANY" withs="//@fbNetwork/@fBs.1/@interface/@eventInputs.1/@with.1">
          <value/>
          <inputConnections href="SysConf.xml#//@systemConfigNetwork/@devices.0/@resource.0/@fBNetwork/@dataConnections.0"/>
        </inputVars>
        <outputVars name="QO" comment="Event Output Qualifier" arraySize="-1" typeName="BOOL" withs="//@fbNetwork/@fBs.1/@interface/@eventOutputs.0/@with.0 //@fbNetwork/@fBs.1/@interface/@eventOutputs.1/@with.0"/>
        <outputVars name="STATUS" comment="Service Status" arraySize="-1" typeName="WSTRING" withs="//@fbNetwork/@fBs.1/@interface/@eventOutputs.0/@with.1 //@fbNetwork/@fBs.1/@interface/@eventOutputs.1/@with.1"/>
        <outputVars name="RD_1" comment="Received Data" arraySize="-1" typeName="ANY" withs="//@fbNetwork/@fBs.1/@interface/@eventOutputs.1/@with.2"/>
      </interface>
      <position x="1045" y="171"/>
      <resource href="SysConf.xml#//@systemConfigNetwork/@devices.0/@resource.0/@fBNetwork"/>
    </fBs>
    <fBs name="Modbus_Connection" identifier="true" id="_5tWiAGucEeeNDOUYAKJjkg" fbtPath="net\CLIENT_3_1.fbt">
      <interface>
        <eventInputs name="INIT" isInput="true">
          <with variables="//@fbNetwork/@fBs.2/@interface/@inputVars.0"/>
          <with variables="//@fbNetwork/@fBs.2/@interface/@inputVars.1"/>
          <inputConnections href="SysConf.xml#//@systemConfigNetwork/@devices.0/@resource.0/@fBNetwork/@eventConnections.4"/>
        </eventInputs>
        <eventInputs name="REQ" isInput="true">
          <with variables="//@fbNetwork/@fBs.2/@interface/@inputVars.0"/>
          <with variables="//@fbNetwork/@fBs.2/@interface/@inputVars.2"/>
          <with variables="//@fbNetwork/@fBs.2/@interface/@inputVars.3"/>
          <with variables="//@fbNetwork/@fBs.2/@interface/@inputVars.4"/>
          <inputConnections href="SysConf.xml#//@systemConfigNetwork/@devices.0/@resource.0/@fBNetwork/@eventConnections.9"/>
        </eventInputs>
        <eventOutputs name="INITO">
          <with variables="//@fbNetwork/@fBs.2/@interface/@outputVars.0"/>
          <with variables="//@fbNetwork/@fBs.2/@interface/@outputVars.1"/>
          <outputConnections href="SysConf.xml#//@systemConfigNetwork/@devices.0/@resource.0/@fBNetwork/@eventConnections.1"/>
        </eventOutputs>
        <eventOutputs name="CNF">
          <with variables="//@fbNetwork/@fBs.2/@interface/@outputVars.0"/>
          <with variables="//@fbNetwork/@fBs.2/@interface/@outputVars.1"/>
          <with variables="//@fbNetwork/@fBs.2/@interface/@outputVars.2"/>
          <outputConnections href="SysConf.xml#//@systemConfigNetwork/@devices.0/@resource.0/@fBNetwork/@eventConnections.2"/>
        </eventOutputs>
        <inputVars name="QI" isInput="true" arraySize="-1" typeName="BOOL" withs="//@fbNetwork/@fBs.2/@interface/@eventInputs.0/@with.0 //@fbNetwork/@fBs.2/@interface/@eventInputs.1/@with.0">
          <value value="1"/>
        </inputVars>
        <inputVars name="ID" isInput="true" arraySize="-1" typeName="WSTRING" withs="//@fbNetwork/@fBs.2/@interface/@eventInputs.0/@with.1">
          <value value="modbus[127.0.0.1:502:2000:3:1:0:1..3]"/>
        </inputVars>
        <inputVars name="SD_1" isInput="true" arraySize="-1" typeName="ANY" withs="//@fbNetwork/@fBs.2/@interface/@eventInputs.1/@with.1">
          <value/>
          <inputConnections href="SysConf.xml#//@systemConfigNetwork/@devices.0/@resource.0/@fBNetwork/@dataConnections.7"/>
        </inputVars>
        <inputVars name="SD_2" isInput="true" arraySize="-1" typeName="ANY" withs="//@fbNetwork/@fBs.2/@interface/@eventInputs.1/@with.2">
          <value/>
          <inputConnections href="SysConf.xml#//@systemConfigNetwork/@devices.0/@resource.0/@fBNetwork/@dataConnections.3"/>
        </inputVars>
        <inputVars name="SD_3" isInput="true" arraySize="-1" typeName="ANY" withs="//@fbNetwork/@fBs.2/@interface/@eventInputs.1/@with.3">
          <value/>
          <inputConnections href="SysConf.xml#//@systemConfigNetwork/@devices.0/@resource.0/@fBNetwork/@dataConnections.1"/>
        </inputVars>
        <outputVars name="QO" comment="Event Output Qualifier" arraySize="-1" typeName="BOOL" withs="//@fbNetwork/@fBs.2/@interface/@eventOutputs.0/@with.0 //@fbNetwork/@fBs.2/@interface/@eventOutputs.1/@with.0"/>
        <outputVars name="STATUS" comment="Service Status" arraySize="-1" typeName="WSTRING" withs="//@fbNetwork/@fBs.2/@interface/@eventOutputs.0/@with.1 //@fbNetwork/@fBs.2/@interface/@eventOutputs.1/@with.1"/>
        <outputVars name="RD_1" comment="Received Data" arraySize="-1" typeName="ANY" withs="//@fbNetwork/@fBs.2/@interface/@eventOutputs.1/@with.2">
          <outputConnections href="SysConf.xml#//@systemConfigNetwork/@devices.0/@resource.0/@fBNetwork/@dataConnections.2"/>
        </outputVars>
      </interface>
      <position x="703" y="171"/>
      <resource href="SysConf.xml#//@systemConfigNetwork/@devices.0/@resource.0/@fBNetwork"/>
    </fBs>
    <fBs name="CONVERT_nearlyOnTop" identifier="true" id="_DT8BwGudEeeNDOUYAKJjkg" fbtPath="IEC61131-3\Conversion\BOOL\F_BOOL_TO_INT.fbt">
      <interface>
        <eventInputs name="REQ" comment="Service Request" isInput="true">
          <with variables="//@fbNetwork/@fBs.3/@interface/@inputVars.0"/>
          <inputConnections href="SysConf.xml#//@systemConfigNetwork/@devices.0/@resource.0/@fBNetwork/@eventConnections.5"/>
        </eventInputs>
        <eventOutputs name="CNF" comment="Confirmation of Requested Service">
          <with variables="//@fbNetwork/@fBs.3/@interface/@outputVars.0"/>
          <outputConnections href="SysConf.xml#//@systemConfigNetwork/@devices.0/@resource.0/@fBNetwork/@eventConnections.6"/>
        </eventOutputs>
        <inputVars name="IN" comment="Event Input Qualifier" isInput="true" arraySize="-1" typeName="BOOL" withs="//@fbNetwork/@fBs.3/@interface/@eventInputs.0/@with.0">
          <value/>
          <inputConnections href="SysConf.xml#//@systemConfigNetwork/@devices.0/@resource.0/@fBNetwork/@dataConnections.6"/>
        </inputVars>
        <outputVars name="OUT" comment="Event Output Qualifier" arraySize="-1" typeName="INT" withs="//@fbNetwork/@fBs.3/@interface/@eventOutputs.0/@with.0">
          <outputConnections href="SysConf.xml#//@systemConfigNetwork/@devices.0/@resource.0/@fBNetwork/@dataConnections.7"/>
        </outputVars>
      </interface>
      <position x="342" y="209"/>
      <resource href="SysConf.xml#//@systemConfigNetwork/@devices.0/@resource.0/@fBNetwork"/>
    </fBs>
    <fBs name="CONVERT_nearlyOnBottom" identifier="true" id="_DuRNUGudEeeNDOUYAKJjkg" fbtPath="IEC61131-3\Conversion\BOOL\F_BOOL_TO_INT.fbt">
      <interface>
        <eventInputs name="REQ" comment="Service Request" isInput="true">
          <with variables="//@fbNetwork/@fBs.4/@interface/@inputVars.0"/>
          <inputConnections href="SysConf.xml#//@systemConfigNetwork/@devices.0/@resource.0/@fBNetwork/@eventConnections.6"/>
        </eventInputs>
        <eventOutputs name="CNF" comment="Confirmation of Requested Service">
          <with variables="//@fbNetwork/@fBs.4/@interface/@outputVars.0"/>
          <outputConnections href="SysConf.xml#//@systemConfigNetwork/@devices.0/@resource.0/@fBNetwork/@eventConnections.3"/>
        </eventOutputs>
        <inputVars name="IN" comment="Event Input Qualifier" isInput="true" arraySize="-1" typeName="BOOL" withs="//@fbNetwork/@fBs.4/@interface/@eventInputs.0/@with.0">
          <value/>
          <inputConnections href="SysConf.xml#//@systemConfigNetwork/@devices.0/@resource.0/@fBNetwork/@dataConnections.4"/>
        </inputVars>
        <outputVars name="OUT" comment="Event Output Qualifier" arraySize="-1" typeName="INT" withs="//@fbNetwork/@fBs.4/@interface/@eventOutputs.0/@with.0">
          <outputConnections href="SysConf.xml#//@systemConfigNetwork/@devices.0/@resource.0/@fBNetwork/@dataConnections.3"/>
        </outputVars>
      </interface>
      <position x="342" y="304"/>
      <resource href="SysConf.xml#//@systemConfigNetwork/@devices.0/@resource.0/@fBNetwork"/>
    </fBs>
    <fBs name="CONVERT_height" identifier="true" id="_HF1mEGudEeeNDOUYAKJjkg" fbtPath="IEC61131-3\Conversion\LREAL\F_LREAL_TO_INT.fbt">
      <interface>
        <eventInputs name="REQ" comment="Service Request" isInput="true">
          <with variables="//@fbNetwork/@fBs.5/@interface/@inputVars.0"/>
          <inputConnections href="SysConf.xml#//@systemConfigNetwork/@devices.0/@resource.0/@fBNetwork/@eventConnections.3"/>
        </eventInputs>
        <eventOutputs name="CNF" comment="Confirmation of Requested Service">
          <with variables="//@fbNetwork/@fBs.5/@interface/@outputVars.0"/>
          <outputConnections href="SysConf.xml#//@systemConfigNetwork/@devices.0/@resource.0/@fBNetwork/@eventConnections.9"/>
        </eventOutputs>
        <inputVars name="IN" comment="input value" isInput="true" arraySize="-1" typeName="LREAL" withs="//@fbNetwork/@fBs.5/@interface/@eventInputs.0/@with.0">
          <value/>
          <inputConnections href="SysConf.xml#//@systemConfigNetwork/@devices.0/@resource.0/@fBNetwork/@dataConnections.5"/>
        </inputVars>
        <outputVars name="OUT" comment="output value" arraySize="-1" typeName="INT" withs="//@fbNetwork/@fBs.5/@interface/@eventOutputs.0/@with.0">
          <outputConnections href="SysConf.xml#//@systemConfigNetwork/@devices.0/@resource.0/@fBNetwork/@dataConnections.1"/>
        </outputVars>
      </interface>
      <position x="342" y="399"/>
      <resource href="SysConf.xml#//@systemConfigNetwork/@devices.0/@resource.0/@fBNetwork"/>
    </fBs>
    <fBs name="F_INT_TO_REAL" identifier="true" id="_NKJR4GudEeeNDOUYAKJjkg" fbtPath="IEC61131-3\Conversion\INT\F_INT_TO_REAL.fbt">
      <interface>
        <eventInputs name="REQ" comment="Service Request" isInput="true">
          <with variables="//@fbNetwork/@fBs.6/@interface/@inputVars.0"/>
          <inputConnections href="SysConf.xml#//@systemConfigNetwork/@devices.0/@resource.0/@fBNetwork/@eventConnections.2"/>
        </eventInputs>
        <eventOutputs name="CNF" comment="Confirmation of Requested Service">
          <with variables="//@fbNetwork/@fBs.6/@interface/@outputVars.0"/>
          <outputConnections href="SysConf.xml#//@systemConfigNetwork/@devices.0/@resource.0/@fBNetwork/@eventConnections.0"/>
        </eventOutputs>
        <inputVars name="IN" comment="Input Value" isInput="true" arraySize="-1" typeName="INT" withs="//@fbNetwork/@fBs.6/@interface/@eventInputs.0/@with.0">
          <value/>
          <inputConnections href="SysConf.xml#//@systemConfigNetwork/@devices.0/@resource.0/@fBNetwork/@dataConnections.2"/>
        </inputVars>
        <outputVars name="OUT" comment="Output Value" arraySize="-1" typeName="REAL" withs="//@fbNetwork/@fBs.6/@interface/@eventOutputs.0/@with.0">
          <outputConnections href="SysConf.xml#//@systemConfigNetwork/@devices.0/@resource.0/@fBNetwork/@dataConnections.0"/>
        </outputVars>
      </interface>
      <position x="855" y="209"/>
      <resource href="SysConf.xml#//@systemConfigNetwork/@devices.0/@resource.0/@fBNetwork"/>
    </fBs>
    <application href="4diac-Tutorial-Interactive-Underworld.xml#//@application.0"/>
  </fbNetwork>
</org.fordiac.ide.model.ui:UIFBNetwork>
